{
  "2. Login-1" : {
    "transaction" : "2. Login-1",
    "sampleCount" : 200,
    "errorCount" : 0,
    "errorPct" : 0.0,
    "meanResTime" : 112.91500000000003,
    "medianResTime" : 106.0,
    "minResTime" : 18.0,
    "maxResTime" : 427.0,
    "pct1ResTime" : 185.9,
    "pct2ResTime" : 225.64999999999992,
    "pct3ResTime" : 379.30000000000064,
    "throughput" : 13.67147446852143,
    "receivedKBytesPerSec" : 38.94013763329688,
    "sentKBytesPerSec" : 2.4966462164194407
  },
  "2. Login-0" : {
    "transaction" : "2. Login-0",
    "sampleCount" : 200,
    "errorCount" : 0,
    "errorPct" : 0.0,
    "meanResTime" : 120.57999999999997,
    "medianResTime" : 108.0,
    "minResTime" : 16.0,
    "maxResTime" : 358.0,
    "pct1ResTime" : 180.0,
    "pct2ResTime" : 245.89999999999975,
    "pct3ResTime" : 313.9200000000001,
    "throughput" : 13.7807482946324,
    "receivedKBytesPerSec" : 2.0455798249844968,
    "sentKBytesPerSec" : 4.220825186901399
  },
  "6. Aggiungi Recensione-0" : {
    "transaction" : "6. Aggiungi Recensione-0",
    "sampleCount" : 200,
    "errorCount" : 0,
    "errorPct" : 0.0,
    "meanResTime" : 115.41999999999996,
    "medianResTime" : 101.5,
    "minResTime" : 11.0,
    "maxResTime" : 424.0,
    "pct1ResTime" : 193.0,
    "pct2ResTime" : 230.95,
    "pct3ResTime" : 367.39000000000055,
    "throughput" : 13.749484394335212,
    "receivedKBytesPerSec" : 1.9762869732228792,
    "sentKBytesPerSec" : 5.1182589930221365
  },
  "5. Ricerca Film" : {
    "transaction" : "5. Ricerca Film",
    "sampleCount" : 200,
    "errorCount" : 0,
    "errorPct" : 0.0,
    "meanResTime" : 1737.8950000000004,
    "medianResTime" : 1730.5,
    "minResTime" : 484.0,
    "maxResTime" : 3028.0,
    "pct1ResTime" : 2543.9000000000005,
    "pct2ResTime" : 2766.75,
    "pct3ResTime" : 2932.79,
    "throughput" : 12.142553579017667,
    "receivedKBytesPerSec" : 7152.256178947089,
    "sentKBytesPerSec" : 2.2767287960658127
  },
  "2. Login" : {
    "transaction" : "2. Login",
    "sampleCount" : 200,
    "errorCount" : 0,
    "errorPct" : 0.0,
    "meanResTime" : 233.96500000000003,
    "medianResTime" : 223.5,
    "minResTime" : 61.0,
    "maxResTime" : 701.0,
    "pct1ResTime" : 350.8,
    "pct2ResTime" : 427.24999999999983,
    "pct3ResTime" : 623.3900000000006,
    "throughput" : 13.610997686130393,
    "receivedKBytesPerSec" : 40.78826551228392,
    "sentKBytesPerSec" : 6.654435377535048
  },
  "7. Logout-1" : {
    "transaction" : "7. Logout-1",
    "sampleCount" : 200,
    "errorCount" : 0,
    "errorPct" : 0.0,
    "meanResTime" : 111.53000000000003,
    "medianResTime" : 94.0,
    "minResTime" : 5.0,
    "maxResTime" : 427.0,
    "pct1ResTime" : 205.1000000000001,
    "pct2ResTime" : 289.79999999999995,
    "pct3ResTime" : 358.93000000000006,
    "throughput" : 14.398848092152628,
    "receivedKBytesPerSec" : 41.67791576673866,
    "sentKBytesPerSec" : 2.376372390208783
  },
  "7. Logout-0" : {
    "transaction" : "7. Logout-0",
    "sampleCount" : 200,
    "errorCount" : 0,
    "errorPct" : 0.0,
    "meanResTime" : 105.31999999999995,
    "medianResTime" : 94.5,
    "minResTime" : 4.0,
    "maxResTime" : 424.0,
    "pct1ResTime" : 158.9,
    "pct2ResTime" : 217.89999999999998,
    "pct3ResTime" : 361.5800000000004,
    "throughput" : 14.180374361883155,
    "receivedKBytesPerSec" : 1.8556349262620535,
    "sentKBytesPerSec" : 2.423403821610891
  },
  "4. Dettagli Film" : {
    "transaction" : "4. Dettagli Film",
    "sampleCount" : 200,
    "errorCount" : 0,
    "errorPct" : 0.0,
    "meanResTime" : 737.38,
    "medianResTime" : 631.5,
    "minResTime" : 279.0,
    "maxResTime" : 1794.0,
    "pct1ResTime" : 1186.5,
    "pct2ResTime" : 1424.5,
    "pct3ResTime" : 1764.5700000000004,
    "throughput" : 12.109469605231292,
    "receivedKBytesPerSec" : 1866.0170559041235,
    "sentKBytesPerSec" : 2.1544567578408818
  },
  "Total" : {
    "transaction" : "Total",
    "sampleCount" : 2600,
    "errorCount" : 0,
    "errorPct" : 0.0,
    "meanResTime" : 918.5650000000003,
    "medianResTime" : 253.5,
    "minResTime" : 4.0,
    "maxResTime" : 10612.0,
    "pct1ResTime" : 2099.8,
    "pct2ResTime" : 3001.499999999998,
    "pct3ResTime" : 10155.679999999993,
    "throughput" : 143.18757572419872,
    "receivedKBytesPerSec" : 18583.867830725438,
    "sentKBytesPerSec" : 37.46621453009693
  },
  "6. Aggiungi Recensione" : {
    "transaction" : "6. Aggiungi Recensione",
    "sampleCount" : 200,
    "errorCount" : 0,
    "errorPct" : 0.0,
    "meanResTime" : 783.3700000000001,
    "medianResTime" : 701.0,
    "minResTime" : 192.0,
    "maxResTime" : 2650.0,
    "pct1ResTime" : 1297.2000000000003,
    "pct2ResTime" : 1728.8999999999965,
    "pct3ResTime" : 2452.980000000002,
    "throughput" : 13.612850530901172,
    "receivedKBytesPerSec" : 2099.6382225445823,
    "sentKBytesPerSec" : 7.489327737884563
  },
  "7. Logout" : {
    "transaction" : "7. Logout",
    "sampleCount" : 200,
    "errorCount" : 0,
    "errorPct" : 0.0,
    "meanResTime" : 217.27500000000006,
    "medianResTime" : 193.0,
    "minResTime" : 9.0,
    "maxResTime" : 851.0,
    "pct1ResTime" : 358.30000000000007,
    "pct2ResTime" : 487.5999999999999,
    "pct3ResTime" : 638.6800000000003,
    "throughput" : 14.1753490679708,
    "receivedKBytesPerSec" : 42.88596817634134,
    "sentKBytesPerSec" : 4.7620313275214405
  },
  "3. Visualizza Catalogo" : {
    "transaction" : "3. Visualizza Catalogo",
    "sampleCount" : 200,
    "errorCount" : 0,
    "errorPct" : 0.0,
    "meanResTime" : 1909.900000000001,
    "medianResTime" : 1838.5,
    "minResTime" : 626.0,
    "maxResTime" : 3072.0,
    "pct1ResTime" : 2654.9,
    "pct2ResTime" : 2838.25,
    "pct3ResTime" : 3060.4100000000008,
    "throughput" : 12.254901960784313,
    "receivedKBytesPerSec" : 7606.519930970435,
    "sentKBytesPerSec" : 2.1182789522058822
  },
  "6. Aggiungi Recensione-1" : {
    "transaction" : "6. Aggiungi Recensione-1",
    "sampleCount" : 200,
    "errorCount" : 0,
    "errorPct" : 0.0,
    "meanResTime" : 667.4949999999998,
    "medianResTime" : 589.5,
    "minResTime" : 146.0,
    "maxResTime" : 2441.0,
    "pct1ResTime" : 1095.1000000000001,
    "pct2ResTime" : 1565.5499999999972,
    "pct3ResTime" : 2307.940000000002,
    "throughput" : 13.742870885728028,
    "receivedKBytesPerSec" : 2117.7171507807666,
    "sentKBytesPerSec" : 2.4450634104651963
  },
  "1. Home Page" : {
    "transaction" : "1. Home Page",
    "sampleCount" : 200,
    "errorCount" : 0,
    "errorPct" : 0.0,
    "meanResTime" : 5088.3,
    "medianResTime" : 5679.5,
    "minResTime" : 12.0,
    "maxResTime" : 10612.0,
    "pct1ResTime" : 10334.9,
    "pct2ResTime" : 10478.9,
    "pct3ResTime" : 10603.98,
    "throughput" : 13.740038472107722,
    "receivedKBytesPerSec" : 39.77097073371806,
    "sentKBytesPerSec" : 1.556488733168453
  }
}