{
  "2. Login-1" : {
    "transaction" : "2. Login-1",
    "sampleCount" : 1500,
    "errorCount" : 0,
    "errorPct" : 0.0,
    "meanResTime" : 11609.322000000006,
    "medianResTime" : 8789.0,
    "minResTime" : 4.0,
    "maxResTime" : 48913.0,
    "pct1ResTime" : 28785.600000000002,
    "pct2ResTime" : 29985.4,
    "pct3ResTime" : 32079.91,
    "throughput" : 13.462453217975067,
    "receivedKBytesPerSec" : 38.345352662985434,
    "sentKBytesPerSec" : 2.4584753435169313
  },
  "2. Login-0" : {
    "transaction" : "2. Login-0",
    "sampleCount" : 1500,
    "errorCount" : 0,
    "errorPct" : 0.0,
    "meanResTime" : 7771.62066666666,
    "medianResTime" : 4586.0,
    "minResTime" : 13.0,
    "maxResTime" : 46351.0,
    "pct1ResTime" : 21739.9,
    "pct2ResTime" : 22833.25,
    "pct3ResTime" : 31108.53,
    "throughput" : 22.65450371533861,
    "receivedKBytesPerSec" : 3.3627778952455745,
    "sentKBytesPerSec" : 6.93966739884764
  },
  "6. Aggiungi Recensione-0" : {
    "transaction" : "6. Aggiungi Recensione-0",
    "sampleCount" : 1500,
    "errorCount" : 0,
    "errorPct" : 0.0,
    "meanResTime" : 35425.02533333343,
    "medianResTime" : 32026.0,
    "minResTime" : 116.0,
    "maxResTime" : 93585.0,
    "pct1ResTime" : 68274.3,
    "pct2ResTime" : 74933.1,
    "pct3ResTime" : 89300.42,
    "throughput" : 8.995610142250582,
    "receivedKBytesPerSec" : 1.2929784015400485,
    "sentKBytesPerSec" : 3.3486158754527793
  },
  "5. Ricerca Film" : {
    "transaction" : "5. Ricerca Film",
    "sampleCount" : 1500,
    "errorCount" : 0,
    "errorPct" : 0.0,
    "meanResTime" : 44698.60533333336,
    "medianResTime" : 45002.5,
    "minResTime" : 3607.0,
    "maxResTime" : 71638.0,
    "pct1ResTime" : 58510.4,
    "pct2ResTime" : 59214.7,
    "pct3ResTime" : 62686.630000000005,
    "throughput" : 7.957179763300426,
    "receivedKBytesPerSec" : 4686.970645507973,
    "sentKBytesPerSec" : 1.49197120561883
  },
  "2. Login" : {
    "transaction" : "2. Login",
    "sampleCount" : 1500,
    "errorCount" : 0,
    "errorPct" : 0.0,
    "meanResTime" : 19381.32933333335,
    "medianResTime" : 11429.0,
    "minResTime" : 40.0,
    "maxResTime" : 95117.0,
    "pct1ResTime" : 48248.0,
    "pct2ResTime" : 53004.95000000001,
    "pct3ResTime" : 63042.82,
    "throughput" : 13.045974012419766,
    "receivedKBytesPerSec" : 39.095599062972916,
    "sentKBytesPerSec" : 6.378742359951469
  },
  "7. Logout-1" : {
    "transaction" : "7. Logout-1",
    "sampleCount" : 1500,
    "errorCount" : 0,
    "errorPct" : 0.0,
    "meanResTime" : 3374.4733333333356,
    "medianResTime" : 3658.5,
    "minResTime" : 3.0,
    "maxResTime" : 43193.0,
    "pct1ResTime" : 5659.1,
    "pct2ResTime" : 7236.050000000012,
    "pct3ResTime" : 22060.810000000005,
    "throughput" : 25.23977788995457,
    "receivedKBytesPerSec" : 73.05732584553256,
    "sentKBytesPerSec" : 4.165549280666331
  },
  "7. Logout-0" : {
    "transaction" : "7. Logout-0",
    "sampleCount" : 1500,
    "errorCount" : 0,
    "errorPct" : 0.0,
    "meanResTime" : 9683.200666666658,
    "medianResTime" : 7134.5,
    "minResTime" : 3.0,
    "maxResTime" : 43783.0,
    "pct1ResTime" : 21736.8,
    "pct2ResTime" : 23487.45,
    "pct3ResTime" : 38141.81,
    "throughput" : 18.12207026530711,
    "receivedKBytesPerSec" : 2.3714427886241722,
    "sentKBytesPerSec" : 3.097033492606195
  },
  "4. Dettagli Film" : {
    "transaction" : "4. Dettagli Film",
    "sampleCount" : 1500,
    "errorCount" : 0,
    "errorPct" : 0.0,
    "meanResTime" : 42040.74533333332,
    "medianResTime" : 39974.0,
    "minResTime" : 3832.0,
    "maxResTime" : 84931.0,
    "pct1ResTime" : 57992.200000000004,
    "pct2ResTime" : 62791.45000000002,
    "pct3ResTime" : 70819.6,
    "throughput" : 7.841784162732705,
    "receivedKBytesPerSec" : 1243.4929017966836,
    "sentKBytesPerSec" : 1.3951636776399368
  },
  "Total" : {
    "transaction" : "Total",
    "sampleCount" : 19500,
    "errorCount" : 0,
    "errorPct" : 0.0,
    "meanResTime" : 23294.615948718012,
    "medianResTime" : 17108.5,
    "minResTime" : 3.0,
    "maxResTime" : 135684.0,
    "pct1ResTime" : 55167.8,
    "pct2ResTime" : 61270.15000000002,
    "pct3ResTime" : 103688.84000000019,
    "throughput" : 87.35189374426052,
    "receivedKBytesPerSec" : 11429.846061535489,
    "sentKBytesPerSec" : 22.856877631755772
  },
  "6. Aggiungi Recensione" : {
    "transaction" : "6. Aggiungi Recensione",
    "sampleCount" : 1500,
    "errorCount" : 0,
    "errorPct" : 0.0,
    "meanResTime" : 58133.46466666668,
    "medianResTime" : 54845.0,
    "minResTime" : 856.0,
    "maxResTime" : 135684.0,
    "pct1ResTime" : 107953.3,
    "pct2ResTime" : 115796.55,
    "pct3ResTime" : 127260.5,
    "throughput" : 8.983649757441457,
    "receivedKBytesPerSec" : 1427.5023792634904,
    "sentKBytesPerSec" : 4.942481246631131
  },
  "7. Logout" : {
    "transaction" : "7. Logout",
    "sampleCount" : 1500,
    "errorCount" : 0,
    "errorPct" : 0.0,
    "meanResTime" : 13058.054666666658,
    "medianResTime" : 11178.0,
    "minResTime" : 6.0,
    "maxResTime" : 62106.0,
    "pct1ResTime" : 27589.500000000004,
    "pct2ResTime" : 36010.650000000016,
    "pct3ResTime" : 49282.08,
    "throughput" : 18.12141347025068,
    "receivedKBytesPerSec" : 54.824354424645115,
    "sentKBytesPerSec" : 6.087662337662337
  },
  "3. Visualizza Catalogo" : {
    "transaction" : "3. Visualizza Catalogo",
    "sampleCount" : 1500,
    "errorCount" : 0,
    "errorPct" : 0.0,
    "meanResTime" : 28422.490000000053,
    "medianResTime" : 29691.0,
    "minResTime" : 233.0,
    "maxResTime" : 69414.0,
    "pct1ResTime" : 51457.8,
    "pct2ResTime" : 58286.6,
    "pct3ResTime" : 62299.18,
    "throughput" : 9.490607462148294,
    "receivedKBytesPerSec" : 5890.744775667744,
    "sentKBytesPerSec" : 1.6404663289064922
  },
  "6. Aggiungi Recensione-1" : {
    "transaction" : "6. Aggiungi Recensione-1",
    "sampleCount" : 1500,
    "errorCount" : 0,
    "errorPct" : 0.0,
    "meanResTime" : 22708.200666666657,
    "medianResTime" : 25847.0,
    "minResTime" : 138.0,
    "maxResTime" : 52624.0,
    "pct1ResTime" : 42237.3,
    "pct2ResTime" : 44243.9,
    "pct3ResTime" : 48826.92,
    "throughput" : 11.294585375770854,
    "receivedKBytesPerSec" : 1793.0867401802993,
    "sentKBytesPerSec" : 2.009465568456482
  },
  "1. Home Page" : {
    "transaction" : "1. Home Page",
    "sampleCount" : 1500,
    "errorCount" : 0,
    "errorPct" : 0.0,
    "meanResTime" : 6523.47533333333,
    "medianResTime" : 4868.0,
    "minResTime" : 1024.0,
    "maxResTime" : 19124.0,
    "pct1ResTime" : 14255.300000000003,
    "pct2ResTime" : 18545.55,
    "pct3ResTime" : 19082.99,
    "throughput" : 64.96037417175522,
    "receivedKBytesPerSec" : 188.02983305183838,
    "sentKBytesPerSec" : 7.358792386644147
  }
}