{
  "2. Login-1" : {
    "transaction" : "2. Login-1",
    "sampleCount" : 1962,
    "errorCount" : 0,
    "errorPct" : 0.0,
    "meanResTime" : 16541.320591233452,
    "medianResTime" : 7120.0,
    "minResTime" : 2.0,
    "maxResTime" : 61706.0,
    "pct1ResTime" : 40001.4,
    "pct2ResTime" : 41707.79999999999,
    "pct3ResTime" : 45273.689999999944,
    "throughput" : 10.968308185980467,
    "receivedKBytesPerSec" : 31.241270504433167,
    "sentKBytesPerSec" : 2.00300159255698
  },
  "2. Login-0" : {
    "transaction" : "2. Login-0",
    "sampleCount" : 1962,
    "errorCount" : 0,
    "errorPct" : 0.0,
    "meanResTime" : 20869.87512742102,
    "medianResTime" : 5976.0,
    "minResTime" : 6.0,
    "maxResTime" : 84216.0,
    "pct1ResTime" : 63963.7,
    "pct2ResTime" : 65769.7,
    "pct3ResTime" : 79124.45999999999,
    "throughput" : 14.818507273304029,
    "receivedKBytesPerSec" : 2.4745528178388545,
    "sentKBytesPerSec" : 4.345062173343304
  },
  "6. Aggiungi Recensione-0" : {
    "transaction" : "6. Aggiungi Recensione-0",
    "sampleCount" : 90,
    "errorCount" : 0,
    "errorPct" : 0.0,
    "meanResTime" : 39681.56666666668,
    "medianResTime" : 41150.0,
    "minResTime" : 3928.0,
    "maxResTime" : 63430.0,
    "pct1ResTime" : 55201.6,
    "pct2ResTime" : 60719.4,
    "pct3ResTime" : 63430.0,
    "throughput" : 0.622346384167508,
    "receivedKBytesPerSec" : 0.08950281006679851,
    "sentKBytesPerSec" : 0.2317186830113267
  },
  "5. Ricerca Film" : {
    "transaction" : "5. Ricerca Film",
    "sampleCount" : 1362,
    "errorCount" : 37,
    "errorPct" : 2.7165933,
    "meanResTime" : 43816.35022026433,
    "medianResTime" : 46713.5,
    "minResTime" : 20.0,
    "maxResTime" : 80197.0,
    "pct1ResTime" : 55555.5,
    "pct2ResTime" : 59935.4,
    "pct3ResTime" : 66694.9199999999,
    "throughput" : 7.267294506843102,
    "receivedKBytesPerSec" : 4164.832140570392,
    "sentKBytesPerSec" : 1.3256009390923886
  },
  "2. Login" : {
    "transaction" : "2. Login",
    "sampleCount" : 1999,
    "errorCount" : 37,
    "errorPct" : 1.8509254,
    "meanResTime" : 36721.059029514756,
    "medianResTime" : 15142.0,
    "minResTime" : 8.0,
    "maxResTime" : 145922.0,
    "pct1ResTime" : 103904.0,
    "pct2ResTime" : 105051.0,
    "pct3ResTime" : 110493.0,
    "throughput" : 11.140151916228733,
    "receivedKBytesPerSec" : 33.499079911711924,
    "sentKBytesPerSec" : 5.20276772727526
  },
  "7. Logout-1" : {
    "transaction" : "7. Logout-1",
    "sampleCount" : 41,
    "errorCount" : 5,
    "errorPct" : 12.195122,
    "meanResTime" : 102961.80487804876,
    "medianResTime" : 33483.0,
    "minResTime" : 488.0,
    "maxResTime" : 608143.0,
    "pct1ResTime" : 603721.2,
    "pct2ResTime" : 604081.0,
    "pct3ResTime" : 608143.0,
    "throughput" : 0.05738639942333667,
    "receivedKBytesPerSec" : 0.16353702297555478,
    "sentKBytesPerSec" : 0.008315997858507533
  },
  "7. Logout-0" : {
    "transaction" : "7. Logout-0",
    "sampleCount" : 41,
    "errorCount" : 0,
    "errorPct" : 0.0,
    "meanResTime" : 55213.634146341465,
    "medianResTime" : 63913.0,
    "minResTime" : 13951.0,
    "maxResTime" : 79053.0,
    "pct1ResTime" : 78561.4,
    "pct2ResTime" : 78893.5,
    "pct3ResTime" : 79053.0,
    "throughput" : 0.329359596413997,
    "receivedKBytesPerSec" : 0.05604384900870795,
    "sentKBytesPerSec" : 0.04713990603210051
  },
  "4. Dettagli Film" : {
    "transaction" : "4. Dettagli Film",
    "sampleCount" : 1415,
    "errorCount" : 337,
    "errorPct" : 23.816254,
    "meanResTime" : 32969.53710247355,
    "medianResTime" : 31876.0,
    "minResTime" : 10.0,
    "maxResTime" : 81966.0,
    "pct1ResTime" : 51993.80000000001,
    "pct2ResTime" : 56232.8,
    "pct3ResTime" : 64661.79999999993,
    "throughput" : 7.95556130280047,
    "receivedKBytesPerSec" : 965.1226305938419,
    "sentKBytesPerSec" : 1.0784173598499969
  },
  "Total" : {
    "transaction" : "Total",
    "sampleCount" : 13008,
    "errorCount" : 1186,
    "errorPct" : 9.117466,
    "meanResTime" : 32254.7579182042,
    "medianResTime" : 25128.5,
    "minResTime" : 2.0,
    "maxResTime" : 646579.0,
    "pct1ResTime" : 63409.1,
    "pct2ResTime" : 81465.2999999999,
    "pct3ResTime" : 115059.59999999998,
    "throughput" : 17.392071686140493,
    "receivedKBytesPerSec" : 2731.0783881648877,
    "sentKBytesPerSec" : 3.868888921478968
  },
  "6. Aggiungi Recensione" : {
    "transaction" : "6. Aggiungi Recensione",
    "sampleCount" : 156,
    "errorCount" : 69,
    "errorPct" : 44.23077,
    "meanResTime" : 163374.7179487179,
    "medianResTime" : 81245.0,
    "minResTime" : 13180.0,
    "maxResTime" : 635059.0,
    "pct1ResTime" : 598256.3,
    "pct2ResTime" : 598748.2,
    "pct3ResTime" : 634988.89,
    "throughput" : 0.21009818049588558,
    "receivedKBytesPerSec" : 17.873726816389677,
    "sentKBytesPerSec" : 0.07245667356331902
  },
  "7. Logout" : {
    "transaction" : "7. Logout",
    "sampleCount" : 43,
    "errorCount" : 7,
    "errorPct" : 16.27907,
    "meanResTime" : 178842.6046511628,
    "medianResTime" : 106941.0,
    "minResTime" : 34266.0,
    "maxResTime" : 646579.0,
    "pct1ResTime" : 635597.8,
    "pct2ResTime" : 636689.8,
    "pct3ResTime" : 646579.0,
    "throughput" : 0.05903244450607005,
    "receivedKBytesPerSec" : 0.17559041882832954,
    "sentKBytesPerSec" : 0.016212739630539267
  },
  "3. Visualizza Catalogo" : {
    "transaction" : "3. Visualizza Catalogo",
    "sampleCount" : 1847,
    "errorCount" : 156,
    "errorPct" : 8.446129,
    "meanResTime" : 48459.571737953425,
    "medianResTime" : 28702.0,
    "minResTime" : 13.0,
    "maxResTime" : 608167.0,
    "pct1ResTime" : 47369.6,
    "pct2ResTime" : 83424.2,
    "pct3ResTime" : 607680.88,
    "throughput" : 2.4767345187330703,
    "receivedKBytesPerSec" : 1402.9247689375654,
    "sentKBytesPerSec" : 0.39403499376458284
  },
  "6. Aggiungi Recensione-1" : {
    "transaction" : "6. Aggiungi Recensione-1",
    "sampleCount" : 90,
    "errorCount" : 3,
    "errorPct" : 3.3333333,
    "meanResTime" : 54210.73333333335,
    "medianResTime" : 41573.5,
    "minResTime" : 4164.0,
    "maxResTime" : 596690.0,
    "pct1ResTime" : 50297.90000000001,
    "pct2ResTime" : 67939.90000000004,
    "pct3ResTime" : 596690.0,
    "throughput" : 0.12205475104899279,
    "receivedKBytesPerSec" : 17.8197406968004,
    "sentKBytesPerSec" : 0.021000674776300764
  },
  "1. Home Page" : {
    "transaction" : "1. Home Page",
    "sampleCount" : 2000,
    "errorCount" : 535,
    "errorPct" : 26.75,
    "meanResTime" : 14408.473499999991,
    "medianResTime" : 4099.0,
    "minResTime" : 7.0,
    "maxResTime" : 90159.0,
    "pct1ResTime" : 30693.0,
    "pct2ResTime" : 44359.399999999994,
    "pct3ResTime" : 80879.42000000001,
    "throughput" : 21.068821304792102,
    "receivedKBytesPerSec" : 59.155756693301164,
    "sentKBytesPerSec" : 1.7482595178400244
  }
}