{
  "2. Login-1" : {
    "transaction" : "2. Login-1",
    "sampleCount" : 20,
    "errorCount" : 0,
    "errorPct" : 0.0,
    "meanResTime" : 9.45,
    "medianResTime" : 8.0,
    "minResTime" : 3.0,
    "maxResTime" : 15.0,
    "pct1ResTime" : 15.0,
    "pct2ResTime" : 15.0,
    "pct3ResTime" : 15.0,
    "throughput" : 0.05424199523755282,
    "receivedKBytesPerSec" : 0.15315947756822287,
    "sentKBytesPerSec" : 0.00990552061467029
  },
  "2. Login-0" : {
    "transaction" : "2. Login-0",
    "sampleCount" : 20,
    "errorCount" : 0,
    "errorPct" : 0.0,
    "meanResTime" : 370.4,
    "medianResTime" : 16.0,
    "minResTime" : 5.0,
    "maxResTime" : 1047.0,
    "pct1ResTime" : 1046.9,
    "pct2ResTime" : 1047.0,
    "pct3ResTime" : 1047.0,
    "throughput" : 0.05408855378024902,
    "receivedKBytesPerSec" : 0.008028769701755714,
    "sentKBytesPerSec" : 0.016501234571240034
  },
  "6. Aggiungi Recensione-0" : {
    "transaction" : "6. Aggiungi Recensione-0",
    "sampleCount" : 20,
    "errorCount" : 0,
    "errorPct" : 0.0,
    "meanResTime" : 161.25000000000003,
    "medianResTime" : 129.5,
    "minResTime" : 5.0,
    "maxResTime" : 464.0,
    "pct1ResTime" : 399.0000000000001,
    "pct2ResTime" : 460.99999999999994,
    "pct3ResTime" : 464.0,
    "throughput" : 0.05444458358060249,
    "receivedKBytesPerSec" : 0.007826408889711606,
    "sentKBytesPerSec" : 0.02026784693449772
  },
  "5. Ricerca Film" : {
    "transaction" : "5. Ricerca Film",
    "sampleCount" : 20,
    "errorCount" : 0,
    "errorPct" : 0.0,
    "meanResTime" : 61.949999999999996,
    "medianResTime" : 62.0,
    "minResTime" : 23.0,
    "maxResTime" : 91.0,
    "pct1ResTime" : 74.9,
    "pct2ResTime" : 90.19999999999999,
    "pct3ResTime" : 91.0,
    "throughput" : 0.054446213946397704,
    "receivedKBytesPerSec" : 73.57900166911675,
    "sentKBytesPerSec" : 0.01020866511494957
  },
  "2. Login" : {
    "transaction" : "2. Login",
    "sampleCount" : 20,
    "errorCount" : 0,
    "errorPct" : 0.0,
    "meanResTime" : 381.25,
    "medianResTime" : 25.0,
    "minResTime" : 9.0,
    "maxResTime" : 1064.0,
    "pct1ResTime" : 1064.0,
    "pct2ResTime" : 1064.0,
    "pct3ResTime" : 1064.0,
    "throughput" : 0.054088114948061886,
    "receivedKBytesPerSec" : 0.16075368069622223,
    "sentKBytesPerSec" : 0.026378520122130964
  },
  "7. Logout-1" : {
    "transaction" : "7. Logout-1",
    "sampleCount" : 20,
    "errorCount" : 0,
    "errorPct" : 0.0,
    "meanResTime" : 6.500000000000001,
    "medianResTime" : 6.5,
    "minResTime" : 3.0,
    "maxResTime" : 12.0,
    "pct1ResTime" : 10.0,
    "pct2ResTime" : 11.899999999999999,
    "pct3ResTime" : 12.0,
    "throughput" : 0.0544684559554448,
    "receivedKBytesPerSec" : 0.15638404346582785,
    "sentKBytesPerSec" : 0.008989422906709153
  },
  "7. Logout-0" : {
    "transaction" : "7. Logout-0",
    "sampleCount" : 20,
    "errorCount" : 0,
    "errorPct" : 0.0,
    "meanResTime" : 6.999999999999999,
    "medianResTime" : 6.0,
    "minResTime" : 3.0,
    "maxResTime" : 20.0,
    "pct1ResTime" : 11.900000000000002,
    "pct2ResTime" : 19.599999999999994,
    "pct3ResTime" : 20.0,
    "throughput" : 0.05446712092245516,
    "receivedKBytesPerSec" : 0.007127533401961906,
    "sentKBytesPerSec" : 0.009308345860771144
  },
  "4. Dettagli Film" : {
    "transaction" : "4. Dettagli Film",
    "sampleCount" : 20,
    "errorCount" : 0,
    "errorPct" : 0.0,
    "meanResTime" : 362.44999999999993,
    "medianResTime" : 368.0,
    "minResTime" : 42.0,
    "maxResTime" : 688.0,
    "pct1ResTime" : 684.9,
    "pct2ResTime" : 687.85,
    "pct3ResTime" : 688.0,
    "throughput" : 0.054355949938170105,
    "receivedKBytesPerSec" : 20.339279860101374,
    "sentKBytesPerSec" : 0.009671537186264251
  },
  "Total" : {
    "transaction" : "Total",
    "sampleCount" : 260,
    "errorCount" : 0,
    "errorPct" : 0.0,
    "meanResTime" : 199.85000000000002,
    "medianResTime" : 48.0,
    "minResTime" : 3.0,
    "maxResTime" : 2514.0,
    "pct1ResTime" : 723.1000000000003,
    "pct2ResTime" : 1046.0,
    "pct3ResTime" : 1871.2699999999932,
    "throughput" : 0.6977037496209589,
    "receivedKBytesPerSec" : 333.00952374004095,
    "sentKBytesPerSec" : 0.1824344359736053
  },
  "6. Aggiungi Recensione" : {
    "transaction" : "6. Aggiungi Recensione",
    "sampleCount" : 20,
    "errorCount" : 0,
    "errorPct" : 0.0,
    "meanResTime" : 216.9,
    "medianResTime" : 195.0,
    "minResTime" : 59.0,
    "maxResTime" : 501.0,
    "pct1ResTime" : 428.6,
    "pct2ResTime" : 497.49999999999994,
    "pct3ResTime" : 501.0,
    "throughput" : 0.0544373222281196,
    "receivedKBytesPerSec" : 20.46721841869786,
    "sentKBytesPerSec" : 0.02995115951496346
  },
  "7. Logout" : {
    "transaction" : "7. Logout",
    "sampleCount" : 20,
    "errorCount" : 0,
    "errorPct" : 0.0,
    "meanResTime" : 14.250000000000004,
    "medianResTime" : 13.5,
    "minResTime" : 7.0,
    "maxResTime" : 31.0,
    "pct1ResTime" : 23.900000000000002,
    "pct2ResTime" : 30.649999999999995,
    "pct3ResTime" : 31.0,
    "throughput" : 0.054466527595466205,
    "receivedKBytesPerSec" : 0.16350596272310852,
    "sentKBytesPerSec" : 0.01829734911410193
  },
  "3. Visualizza Catalogo" : {
    "transaction" : "3. Visualizza Catalogo",
    "sampleCount" : 20,
    "errorCount" : 0,
    "errorPct" : 0.0,
    "meanResTime" : 520.2500000000001,
    "medianResTime" : 270.5,
    "minResTime" : 136.0,
    "maxResTime" : 984.0,
    "pct1ResTime" : 981.5,
    "pct2ResTime" : 983.9,
    "pct3ResTime" : 984.0,
    "throughput" : 0.05422420080306041,
    "receivedKBytesPerSec" : 201.30453366001154,
    "sentKBytesPerSec" : 0.009372737834122747
  },
  "6. Aggiungi Recensione-1" : {
    "transaction" : "6. Aggiungi Recensione-1",
    "sampleCount" : 20,
    "errorCount" : 0,
    "errorPct" : 0.0,
    "meanResTime" : 54.85000000000001,
    "medianResTime" : 52.5,
    "minResTime" : 26.0,
    "maxResTime" : 93.0,
    "pct1ResTime" : 79.00000000000003,
    "pct2ResTime" : 92.35,
    "pct3ResTime" : 93.0,
    "throughput" : 0.054459556971504036,
    "receivedKBytesPerSec" : 20.467749624739614,
    "sentKBytesPerSec" : 0.00968997195332816
  },
  "1. Home Page" : {
    "transaction" : "1. Home Page",
    "sampleCount" : 20,
    "errorCount" : 0,
    "errorPct" : 0.0,
    "meanResTime" : 431.55,
    "medianResTime" : 16.0,
    "minResTime" : 6.0,
    "maxResTime" : 2514.0,
    "pct1ResTime" : 2122.700000000001,
    "pct2ResTime" : 2496.8999999999996,
    "pct3ResTime" : 2514.0,
    "throughput" : 0.05372228265979021,
    "receivedKBytesPerSec" : 0.15424170998025705,
    "sentKBytesPerSec" : 0.00608572733255436
  }
}