{
  "2. Login-1" : {
    "transaction" : "2. Login-1",
    "sampleCount" : 400,
    "errorCount" : 0,
    "errorPct" : 0.0,
    "meanResTime" : 159.73249999999993,
    "medianResTime" : 126.0,
    "minResTime" : 54.0,
    "maxResTime" : 746.0,
    "pct1ResTime" : 274.0,
    "pct2ResTime" : 451.0,
    "pct3ResTime" : 498.95000000000005,
    "throughput" : 12.809837955549863,
    "receivedKBytesPerSec" : 36.48636527853392,
    "sentKBytesPerSec" : 2.339296579773266
  },
  "2. Login-0" : {
    "transaction" : "2. Login-0",
    "sampleCount" : 400,
    "errorCount" : 0,
    "errorPct" : 0.0,
    "meanResTime" : 155.9825000000001,
    "medianResTime" : 130.0,
    "minResTime" : 23.0,
    "maxResTime" : 764.0,
    "pct1ResTime" : 253.90000000000003,
    "pct2ResTime" : 282.69999999999993,
    "pct3ResTime" : 566.8300000000002,
    "throughput" : 12.807787134577824,
    "receivedKBytesPerSec" : 1.9011559027888956,
    "sentKBytesPerSec" : 3.923229073276552
  },
  "6. Aggiungi Recensione-0" : {
    "transaction" : "6. Aggiungi Recensione-0",
    "sampleCount" : 400,
    "errorCount" : 0,
    "errorPct" : 0.0,
    "meanResTime" : 148.92749999999992,
    "medianResTime" : 131.0,
    "minResTime" : 17.0,
    "maxResTime" : 468.0,
    "pct1ResTime" : 259.0,
    "pct2ResTime" : 291.79999999999995,
    "pct3ResTime" : 425.8600000000001,
    "throughput" : 14.992503748125937,
    "receivedKBytesPerSec" : 2.1547331802848575,
    "sentKBytesPerSec" : 5.580754544602699
  },
  "5. Ricerca Film" : {
    "transaction" : "5. Ricerca Film",
    "sampleCount" : 400,
    "errorCount" : 0,
    "errorPct" : 0.0,
    "meanResTime" : 2427.494999999997,
    "medianResTime" : 2165.5,
    "minResTime" : 239.0,
    "maxResTime" : 4722.0,
    "pct1ResTime" : 4198.8,
    "pct2ResTime" : 4344.9,
    "pct3ResTime" : 4508.0,
    "throughput" : 12.929083974400413,
    "receivedKBytesPerSec" : 7615.541914221589,
    "sentKBytesPerSec" : 2.4242032452000775
  },
  "2. Login" : {
    "transaction" : "2. Login",
    "sampleCount" : 400,
    "errorCount" : 0,
    "errorPct" : 0.0,
    "meanResTime" : 317.0399999999999,
    "medianResTime" : 267.0,
    "minResTime" : 108.0,
    "maxResTime" : 973.0,
    "pct1ResTime" : 582.6000000000012,
    "pct2ResTime" : 686.95,
    "pct3ResTime" : 823.9200000000001,
    "throughput" : 12.773839177364756,
    "receivedKBytesPerSec" : 38.27994641973239,
    "sentKBytesPerSec" : 6.245552857747334
  },
  "7. Logout-1" : {
    "transaction" : "7. Logout-1",
    "sampleCount" : 400,
    "errorCount" : 0,
    "errorPct" : 0.0,
    "meanResTime" : 127.665,
    "medianResTime" : 110.0,
    "minResTime" : 3.0,
    "maxResTime" : 480.0,
    "pct1ResTime" : 218.90000000000003,
    "pct2ResTime" : 254.95,
    "pct3ResTime" : 428.1200000000008,
    "throughput" : 15.554518587649712,
    "receivedKBytesPerSec" : 45.023040130657954,
    "sentKBytesPerSec" : 2.5671031653445326
  },
  "7. Logout-0" : {
    "transaction" : "7. Logout-0",
    "sampleCount" : 400,
    "errorCount" : 0,
    "errorPct" : 0.0,
    "meanResTime" : 127.47500000000004,
    "medianResTime" : 116.5,
    "minResTime" : 3.0,
    "maxResTime" : 422.0,
    "pct1ResTime" : 226.7000000000001,
    "pct2ResTime" : 256.0,
    "pct3ResTime" : 328.95000000000005,
    "throughput" : 15.443419173004903,
    "receivedKBytesPerSec" : 2.0209161808424385,
    "sentKBytesPerSec" : 2.63925620632408
  },
  "4. Dettagli Film" : {
    "transaction" : "4. Dettagli Film",
    "sampleCount" : 400,
    "errorCount" : 0,
    "errorPct" : 0.0,
    "meanResTime" : 986.9975000000007,
    "medianResTime" : 883.0,
    "minResTime" : 201.0,
    "maxResTime" : 3630.0,
    "pct1ResTime" : 1562.4,
    "pct2ResTime" : 1788.9,
    "pct3ResTime" : 3365.55,
    "throughput" : 12.68713524486171,
    "receivedKBytesPerSec" : 1955.900682528229,
    "sentKBytesPerSec" : 2.2570463159731036
  },
  "Total" : {
    "transaction" : "Total",
    "sampleCount" : 5200,
    "errorCount" : 0,
    "errorPct" : 0.0,
    "meanResTime" : 1629.937115384618,
    "medianResTime" : 315.0,
    "minResTime" : 3.0,
    "maxResTime" : 27184.0,
    "pct1ResTime" : 3188.800000000001,
    "pct2ResTime" : 5223.649999999962,
    "pct3ResTime" : 24515.45999999999,
    "throughput" : 154.51357936649433,
    "receivedKBytesPerSec" : 20056.274653458724,
    "sentKBytesPerSec" : 40.42964107164081
  },
  "6. Aggiungi Recensione" : {
    "transaction" : "6. Aggiungi Recensione",
    "sampleCount" : 400,
    "errorCount" : 0,
    "errorPct" : 0.0,
    "meanResTime" : 941.5249999999999,
    "medianResTime" : 857.5,
    "minResTime" : 200.0,
    "maxResTime" : 2991.0,
    "pct1ResTime" : 1575.0,
    "pct2ResTime" : 1755.95,
    "pct3ResTime" : 2467.7400000000002,
    "throughput" : 14.889261120416899,
    "receivedKBytesPerSec" : 2297.529313232831,
    "sentKBytesPerSec" : 8.191129257398103
  },
  "7. Logout" : {
    "transaction" : "7. Logout",
    "sampleCount" : 400,
    "errorCount" : 0,
    "errorPct" : 0.0,
    "meanResTime" : 255.4724999999998,
    "medianResTime" : 240.5,
    "minResTime" : 7.0,
    "maxResTime" : 659.0,
    "pct1ResTime" : 434.90000000000003,
    "pct2ResTime" : 476.84999999999997,
    "pct3ResTime" : 618.8900000000001,
    "throughput" : 15.441034549314805,
    "receivedKBytesPerSec" : 46.71516116579811,
    "sentKBytesPerSec" : 5.187222543910441
  },
  "3. Visualizza Catalogo" : {
    "transaction" : "3. Visualizza Catalogo",
    "sampleCount" : 400,
    "errorCount" : 0,
    "errorPct" : 0.0,
    "meanResTime" : 2681.0999999999985,
    "medianResTime" : 2576.0,
    "minResTime" : 863.0,
    "maxResTime" : 4669.0,
    "pct1ResTime" : 4263.7,
    "pct2ResTime" : 4438.75,
    "pct3ResTime" : 4556.97,
    "throughput" : 12.4000248000496,
    "receivedKBytesPerSec" : 7696.596913701639,
    "sentKBytesPerSec" : 2.143363661727323
  },
  "6. Aggiungi Recensione-1" : {
    "transaction" : "6. Aggiungi Recensione-1",
    "sampleCount" : 400,
    "errorCount" : 0,
    "errorPct" : 0.0,
    "meanResTime" : 792.2700000000002,
    "medianResTime" : 715.5,
    "minResTime" : 155.0,
    "maxResTime" : 2719.0,
    "pct1ResTime" : 1340.0,
    "pct2ResTime" : 1613.3999999999999,
    "pct3ResTime" : 2368.3000000000015,
    "throughput" : 14.97959030820507,
    "receivedKBytesPerSec" : 2309.3149353537056,
    "sentKBytesPerSec" : 2.664874967232146
  },
  "1. Home Page" : {
    "transaction" : "1. Home Page",
    "sampleCount" : 400,
    "errorCount" : 0,
    "errorPct" : 0.0,
    "meanResTime" : 12067.499999999995,
    "medianResTime" : 13027.0,
    "minResTime" : 73.0,
    "maxResTime" : 27184.0,
    "pct1ResTime" : 25202.100000000002,
    "pct2ResTime" : 26220.45,
    "pct3ResTime" : 27013.68,
    "throughput" : 12.7420998980632,
    "receivedKBytesPerSec" : 36.88240634556575,
    "sentKBytesPerSec" : 1.443441004077472
  }
}