{
  "2. Login-1" : {
    "transaction" : "2. Login-1",
    "sampleCount" : 200,
    "errorCount" : 0,
    "errorPct" : 0.0,
    "meanResTime" : 158.84499999999997,
    "medianResTime" : 18.0,
    "minResTime" : 3.0,
    "maxResTime" : 1485.0,
    "pct1ResTime" : 455.9,
    "pct2ResTime" : 630.4999999999999,
    "pct3ResTime" : 1458.7400000000002,
    "throughput" : 0.5354637651670111,
    "receivedKBytesPerSec" : 1.5125753246918408,
    "sentKBytesPerSec" : 0.09778488680296005
  },
  "2. Login-0" : {
    "transaction" : "2. Login-0",
    "sampleCount" : 200,
    "errorCount" : 0,
    "errorPct" : 0.0,
    "meanResTime" : 398.21999999999997,
    "medianResTime" : 34.0,
    "minResTime" : 5.0,
    "maxResTime" : 3601.0,
    "pct1ResTime" : 1676.8000000000002,
    "pct2ResTime" : 2277.0,
    "pct3ResTime" : 3490.190000000005,
    "throughput" : 0.5360651211909223,
    "receivedKBytesPerSec" : 0.07957216642677753,
    "sentKBytesPerSec" : 0.1641647083537708
  },
  "6. Aggiungi Recensione-0" : {
    "transaction" : "6. Aggiungi Recensione-0",
    "sampleCount" : 200,
    "errorCount" : 0,
    "errorPct" : 0.0,
    "meanResTime" : 1135.6750000000004,
    "medianResTime" : 604.5,
    "minResTime" : 5.0,
    "maxResTime" : 5332.0,
    "pct1ResTime" : 3030.7000000000003,
    "pct2ResTime" : 4166.099999999999,
    "pct3ResTime" : 5285.3600000000015,
    "throughput" : 0.47941051682850766,
    "receivedKBytesPerSec" : 0.06892930702408319,
    "sentKBytesPerSec" : 0.17848210090872266
  },
  "5. Ricerca Film" : {
    "transaction" : "5. Ricerca Film",
    "sampleCount" : 200,
    "errorCount" : 0,
    "errorPct" : 0.0,
    "meanResTime" : 5024.189999999999,
    "medianResTime" : 1684.0,
    "minResTime" : 5.0,
    "maxResTime" : 17006.0,
    "pct1ResTime" : 13904.8,
    "pct2ResTime" : 14476.45,
    "pct3ResTime" : 16543.710000000003,
    "throughput" : 0.4818510791054917,
    "receivedKBytesPerSec" : 651.1775433379872,
    "sentKBytesPerSec" : 0.09034707733227969
  },
  "2. Login" : {
    "transaction" : "2. Login",
    "sampleCount" : 200,
    "errorCount" : 0,
    "errorPct" : 0.0,
    "meanResTime" : 557.7700000000001,
    "medianResTime" : 51.0,
    "minResTime" : 8.0,
    "maxResTime" : 4110.0,
    "pct1ResTime" : 2113.0,
    "pct2ResTime" : 2734.199999999999,
    "pct3ResTime" : 3682.4900000000016,
    "throughput" : 0.5354107269539146,
    "receivedKBytesPerSec" : 1.5919005323990416,
    "sentKBytesPerSec" : 0.2617395076229102
  },
  "7. Logout-1" : {
    "transaction" : "7. Logout-1",
    "sampleCount" : 200,
    "errorCount" : 0,
    "errorPct" : 0.0,
    "meanResTime" : 33.15000000000001,
    "medianResTime" : 8.0,
    "minResTime" : 3.0,
    "maxResTime" : 334.0,
    "pct1ResTime" : 88.70000000000002,
    "pct2ResTime" : 158.95,
    "pct3ResTime" : 327.3300000000006,
    "throughput" : 0.47951281497998033,
    "receivedKBytesPerSec" : 1.376726246133928,
    "sentKBytesPerSec" : 0.07913834544103192
  },
  "7. Logout-0" : {
    "transaction" : "7. Logout-0",
    "sampleCount" : 200,
    "errorCount" : 0,
    "errorPct" : 0.0,
    "meanResTime" : 42.56,
    "medianResTime" : 7.5,
    "minResTime" : 2.0,
    "maxResTime" : 361.0,
    "pct1ResTime" : 140.2000000000001,
    "pct2ResTime" : 251.89999999999998,
    "pct3ResTime" : 356.73000000000025,
    "throughput" : 0.4795093660166917,
    "receivedKBytesPerSec" : 0.06274829594359052,
    "sentKBytesPerSec" : 0.08194740141886821
  },
  "4. Dettagli Film" : {
    "transaction" : "4. Dettagli Film",
    "sampleCount" : 200,
    "errorCount" : 4,
    "errorPct" : 2.0,
    "meanResTime" : 1927.4199999999992,
    "medianResTime" : 98.0,
    "minResTime" : 3.0,
    "maxResTime" : 6457.0,
    "pct1ResTime" : 5569.2,
    "pct2ResTime" : 5881.7,
    "pct3ResTime" : 6389.59,
    "throughput" : 0.4856313814998725,
    "receivedKBytesPerSec" : 176.49927781301977,
    "sentKBytesPerSec" : 0.08469145713696019
  },
  "Total" : {
    "transaction" : "Total",
    "sampleCount" : 2600,
    "errorCount" : 4,
    "errorPct" : 0.15384616,
    "meanResTime" : 2082.3707692307657,
    "medianResTime" : 50.5,
    "minResTime" : 2.0,
    "maxResTime" : 36258.0,
    "pct1ResTime" : 4531.000000000001,
    "pct2ResTime" : 13306.599999999977,
    "pct3ResTime" : 34043.75999999997,
    "throughput" : 6.225397707138137,
    "receivedKBytesPerSec" : 2971.457187520951,
    "sentKBytesPerSec" : 1.6272830448899063
  },
  "6. Aggiungi Recensione" : {
    "transaction" : "6. Aggiungi Recensione",
    "sampleCount" : 200,
    "errorCount" : 0,
    "errorPct" : 0.0,
    "meanResTime" : 1801.665,
    "medianResTime" : 937.5,
    "minResTime" : 29.0,
    "maxResTime" : 8556.0,
    "pct1ResTime" : 4792.6,
    "pct2ResTime" : 5883.65,
    "pct3ResTime" : 7359.110000000001,
    "throughput" : 0.47928873551649354,
    "receivedKBytesPerSec" : 182.8329235976311,
    "sentKBytesPerSec" : 0.2637304989395737
  },
  "7. Logout" : {
    "transaction" : "7. Logout",
    "sampleCount" : 200,
    "errorCount" : 0,
    "errorPct" : 0.0,
    "meanResTime" : 76.13500000000002,
    "medianResTime" : 17.0,
    "minResTime" : 6.0,
    "maxResTime" : 512.0,
    "pct1ResTime" : 266.0,
    "pct2ResTime" : 333.34999999999985,
    "pct3ResTime" : 508.99,
    "throughput" : 0.4795036178547967,
    "receivedKBytesPerSec" : 1.4394473840680126,
    "sentKBytesPerSec" : 0.16108324662309575
  },
  "3. Visualizza Catalogo" : {
    "transaction" : "3. Visualizza Catalogo",
    "sampleCount" : 200,
    "errorCount" : 0,
    "errorPct" : 0.0,
    "meanResTime" : 14391.665000000006,
    "medianResTime" : 8391.0,
    "minResTime" : 5.0,
    "maxResTime" : 36258.0,
    "pct1ResTime" : 34413.1,
    "pct2ResTime" : 34951.75,
    "pct3ResTime" : 35525.86,
    "throughput" : 0.4900567485714845,
    "receivedKBytesPerSec" : 1819.310836448767,
    "sentKBytesPerSec" : 0.08470707470425076
  },
  "6. Aggiungi Recensione-1" : {
    "transaction" : "6. Aggiungi Recensione-1",
    "sampleCount" : 200,
    "errorCount" : 0,
    "errorPct" : 0.0,
    "meanResTime" : 665.435,
    "medianResTime" : 81.0,
    "minResTime" : 21.0,
    "maxResTime" : 5145.0,
    "pct1ResTime" : 3285.1000000000004,
    "pct2ResTime" : 3826.649999999999,
    "pct3ResTime" : 4456.400000000004,
    "throughput" : 0.4794116660034805,
    "receivedKBytesPerSec" : 182.81088807190815,
    "sentKBytesPerSec" : 0.08531561317950612
  },
  "1. Home Page" : {
    "transaction" : "1. Home Page",
    "sampleCount" : 200,
    "errorCount" : 0,
    "errorPct" : 0.0,
    "meanResTime" : 858.0899999999999,
    "medianResTime" : 69.0,
    "minResTime" : 6.0,
    "maxResTime" : 4801.0,
    "pct1ResTime" : 3455.5,
    "pct2ResTime" : 3700.1,
    "pct3ResTime" : 4779.210000000001,
    "throughput" : 0.5381132136390175,
    "receivedKBytesPerSec" : 1.544973484471398,
    "sentKBytesPerSec" : 0.06095813748254496
  }
}