{
  "2. Login-1" : {
    "transaction" : "2. Login-1",
    "sampleCount" : 2000,
    "errorCount" : 0,
    "errorPct" : 0.0,
    "meanResTime" : 1112.3730000000016,
    "medianResTime" : 347.0,
    "minResTime" : 4.0,
    "maxResTime" : 9725.0,
    "pct1ResTime" : 1608.9,
    "pct2ResTime" : 5491.199999999975,
    "pct3ResTime" : 9621.99,
    "throughput" : 8.021143734885158,
    "receivedKBytesPerSec" : 22.846849294740938,
    "sentKBytesPerSec" : 1.464798709397973
  },
  "2. Login-0" : {
    "transaction" : "2. Login-0",
    "sampleCount" : 2000,
    "errorCount" : 0,
    "errorPct" : 0.0,
    "meanResTime" : 1342.3309999999974,
    "medianResTime" : 1077.5,
    "minResTime" : 7.0,
    "maxResTime" : 4559.0,
    "pct1ResTime" : 2972.5000000000005,
    "pct2ResTime" : 3536.8999999999996,
    "pct3ResTime" : 4063.0,
    "throughput" : 7.973368947714634,
    "receivedKBytesPerSec" : 1.183546953176391,
    "sentKBytesPerSec" : 2.4425294516315503
  },
  "6. Aggiungi Recensione-0" : {
    "transaction" : "6. Aggiungi Recensione-0",
    "sampleCount" : 1915,
    "errorCount" : 0,
    "errorPct" : 0.0,
    "meanResTime" : 2859.5493472584817,
    "medianResTime" : 351.0,
    "minResTime" : 7.0,
    "maxResTime" : 19541.0,
    "pct1ResTime" : 11518.800000000001,
    "pct2ResTime" : 14121.199999999986,
    "pct3ResTime" : 17983.479999999996,
    "throughput" : 8.145539307012395,
    "receivedKBytesPerSec" : 1.1707966597971908,
    "sentKBytesPerSec" : 3.032179665501195
  },
  "5. Ricerca Film" : {
    "transaction" : "5. Ricerca Film",
    "sampleCount" : 2000,
    "errorCount" : 0,
    "errorPct" : 0.0,
    "meanResTime" : 9176.222500000016,
    "medianResTime" : 4680.5,
    "minResTime" : 229.0,
    "maxResTime" : 26174.0,
    "pct1ResTime" : 21604.2,
    "pct2ResTime" : 22541.8,
    "pct3ResTime" : 24078.89,
    "throughput" : 8.243751236562685,
    "receivedKBytesPerSec" : 4855.768230025391,
    "sentKBytesPerSec" : 1.5457033568555034
  },
  "2. Login" : {
    "transaction" : "2. Login",
    "sampleCount" : 2000,
    "errorCount" : 0,
    "errorPct" : 0.0,
    "meanResTime" : 2455.001999999998,
    "medianResTime" : 1662.5,
    "minResTime" : 46.0,
    "maxResTime" : 14047.0,
    "pct1ResTime" : 4005.4000000000005,
    "pct2ResTime" : 8884.04999999997,
    "pct3ResTime" : 13531.9,
    "throughput" : 7.971843448938349,
    "receivedKBytesPerSec" : 23.88974641565989,
    "sentKBytesPerSec" : 3.897857766369184
  },
  "7. Logout-1" : {
    "transaction" : "7. Logout-1",
    "sampleCount" : 2000,
    "errorCount" : 0,
    "errorPct" : 0.0,
    "meanResTime" : 432.0640000000005,
    "medianResTime" : 116.0,
    "minResTime" : 2.0,
    "maxResTime" : 9354.0,
    "pct1ResTime" : 1060.9,
    "pct2ResTime" : 1375.4999999999982,
    "pct3ResTime" : 6559.780000000001,
    "throughput" : 8.832907881603703,
    "receivedKBytesPerSec" : 25.56712789167322,
    "sentKBytesPerSec" : 1.4577748359287361
  },
  "7. Logout-0" : {
    "transaction" : "7. Logout-0",
    "sampleCount" : 2000,
    "errorCount" : 0,
    "errorPct" : 0.0,
    "meanResTime" : 1387.1360000000038,
    "medianResTime" : 124.0,
    "minResTime" : 2.0,
    "maxResTime" : 15559.0,
    "pct1ResTime" : 6594.400000000001,
    "pct2ResTime" : 8080.0,
    "pct3ResTime" : 11738.73,
    "throughput" : 8.795654946456452,
    "receivedKBytesPerSec" : 1.1509939090089496,
    "sentKBytesPerSec" : 1.5031636871385536
  },
  "4. Dettagli Film" : {
    "transaction" : "4. Dettagli Film",
    "sampleCount" : 2000,
    "errorCount" : 106,
    "errorPct" : 5.3,
    "meanResTime" : 5066.747999999992,
    "medianResTime" : 2593.0,
    "minResTime" : 2.0,
    "maxResTime" : 23875.0,
    "pct1ResTime" : 11736.7,
    "pct2ResTime" : 14906.599999999995,
    "pct3ResTime" : 19851.0,
    "throughput" : 8.105205568276226,
    "receivedKBytesPerSec" : 1234.6109849597779,
    "sentKBytesPerSec" : 1.365624240136978
  },
  "Total" : {
    "transaction" : "Total",
    "sampleCount" : 25830,
    "errorCount" : 191,
    "errorPct" : 0.7394503,
    "meanResTime" : 4342.008865660143,
    "medianResTime" : 654.0,
    "minResTime" : 1.0,
    "maxResTime" : 44298.0,
    "pct1ResTime" : 12842.200000000012,
    "pct2ResTime" : 21589.100000000013,
    "pct3ResTime" : 34635.0,
    "throughput" : 100.21377386527203,
    "receivedKBytesPerSec" : 13113.745212760281,
    "sentKBytesPerSec" : 25.95910592766606
  },
  "6. Aggiungi Recensione" : {
    "transaction" : "6. Aggiungi Recensione",
    "sampleCount" : 2000,
    "errorCount" : 85,
    "errorPct" : 4.25,
    "meanResTime" : 4315.389499999996,
    "medianResTime" : 1564.5,
    "minResTime" : 1.0,
    "maxResTime" : 27187.0,
    "pct1ResTime" : 11874.100000000006,
    "pct2ResTime" : 14386.649999999983,
    "pct3ResTime" : 22428.440000000002,
    "throughput" : 8.50296753566995,
    "receivedKBytesPerSec" : 1331.292347103358,
    "sentKBytesPerSec" : 4.479216322668487
  },
  "7. Logout" : {
    "transaction" : "7. Logout",
    "sampleCount" : 2000,
    "errorCount" : 0,
    "errorPct" : 0.0,
    "meanResTime" : 1819.4294999999968,
    "medianResTime" : 245.0,
    "minResTime" : 5.0,
    "maxResTime" : 16325.0,
    "pct1ResTime" : 7670.6,
    "pct2ResTime" : 9029.199999999997,
    "pct3ResTime" : 12479.340000000002,
    "throughput" : 8.795538902668566,
    "receivedKBytesPerSec" : 26.609940937956267,
    "sentKBytesPerSec" : 2.9547513501152216
  },
  "3. Visualizza Catalogo" : {
    "transaction" : "3. Visualizza Catalogo",
    "sampleCount" : 2000,
    "errorCount" : 0,
    "errorPct" : 0.0,
    "meanResTime" : 11718.16750000002,
    "medianResTime" : 4872.5,
    "minResTime" : 540.0,
    "maxResTime" : 37555.0,
    "pct1ResTime" : 30040.6,
    "pct2ResTime" : 31747.09999999999,
    "pct3ResTime" : 34239.8,
    "throughput" : 7.998656225754074,
    "receivedKBytesPerSec" : 4964.702554970765,
    "sentKBytesPerSec" : 1.3825802265219442
  },
  "6. Aggiungi Recensione-1" : {
    "transaction" : "6. Aggiungi Recensione-1",
    "sampleCount" : 1915,
    "errorCount" : 0,
    "errorPct" : 0.0,
    "meanResTime" : 1610.9671018276708,
    "medianResTime" : 957.0,
    "minResTime" : 99.0,
    "maxResTime" : 11320.0,
    "pct1ResTime" : 3798.0000000000005,
    "pct2ResTime" : 4729.5999999999985,
    "pct3ResTime" : 9640.159999999998,
    "throughput" : 8.315674286111303,
    "receivedKBytesPerSec" : 1357.808618990134,
    "sentKBytesPerSec" : 1.4794781086617625
  },
  "1. Home Page" : {
    "transaction" : "1. Home Page",
    "sampleCount" : 2000,
    "errorCount" : 0,
    "errorPct" : 0.0,
    "meanResTime" : 12971.662000000006,
    "medianResTime" : 5234.0,
    "minResTime" : 200.0,
    "maxResTime" : 44298.0,
    "pct1ResTime" : 34592.4,
    "pct2ResTime" : 37341.44999999998,
    "pct3ResTime" : 43629.75,
    "throughput" : 7.804634391901912,
    "receivedKBytesPerSec" : 22.590758142184832,
    "sentKBytesPerSec" : 0.8841187397076384
  }
}