{
  "2. Login-1" : {
    "transaction" : "2. Login-1",
    "sampleCount" : 700,
    "errorCount" : 0,
    "errorPct" : 0.0,
    "meanResTime" : 828.5099999999998,
    "medianResTime" : 1020.5,
    "minResTime" : 2.0,
    "maxResTime" : 3373.0,
    "pct1ResTime" : 1870.0,
    "pct2ResTime" : 2021.9499999999998,
    "pct3ResTime" : 3302.86,
    "throughput" : 16.792208415295306,
    "receivedKBytesPerSec" : 47.82954146775896,
    "sentKBytesPerSec" : 3.0665458727150603
  },
  "2. Login-0" : {
    "transaction" : "2. Login-0",
    "sampleCount" : 700,
    "errorCount" : 0,
    "errorPct" : 0.0,
    "meanResTime" : 1417.7871428571425,
    "medianResTime" : 1463.0,
    "minResTime" : 7.0,
    "maxResTime" : 8750.0,
    "pct1ResTime" : 2487.7,
    "pct2ResTime" : 2978.7499999999995,
    "pct3ResTime" : 8689.69,
    "throughput" : 16.969285593076535,
    "receivedKBytesPerSec" : 2.550837782720419,
    "sentKBytesPerSec" : 5.175537411214274
  },
  "6. Aggiungi Recensione-0" : {
    "transaction" : "6. Aggiungi Recensione-0",
    "sampleCount" : 700,
    "errorCount" : 0,
    "errorPct" : 0.0,
    "meanResTime" : 3623.571428571428,
    "medianResTime" : 857.5,
    "minResTime" : 8.0,
    "maxResTime" : 18492.0,
    "pct1ResTime" : 11757.3,
    "pct2ResTime" : 13728.8,
    "pct3ResTime" : 17987.77,
    "throughput" : 13.39687278712369,
    "receivedKBytesPerSec" : 1.9255948749784695,
    "sentKBytesPerSec" : 4.986989632973532
  },
  "5. Ricerca Film" : {
    "transaction" : "5. Ricerca Film",
    "sampleCount" : 700,
    "errorCount" : 0,
    "errorPct" : 0.0,
    "meanResTime" : 5809.949999999999,
    "medianResTime" : 7118.0,
    "minResTime" : 24.0,
    "maxResTime" : 19604.0,
    "pct1ResTime" : 11577.7,
    "pct2ResTime" : 14492.05,
    "pct3ResTime" : 18175.98,
    "throughput" : 13.353172332226928,
    "receivedKBytesPerSec" : 7865.340298741464,
    "sentKBytesPerSec" : 2.503719812292549
  },
  "2. Login" : {
    "transaction" : "2. Login",
    "sampleCount" : 700,
    "errorCount" : 0,
    "errorPct" : 0.0,
    "meanResTime" : 2247.095714285714,
    "medianResTime" : 2905.0,
    "minResTime" : 10.0,
    "maxResTime" : 9287.0,
    "pct1ResTime" : 4025.0,
    "pct2ResTime" : 4880.7,
    "pct3ResTime" : 9226.69,
    "throughput" : 16.7500179464478,
    "receivedKBytesPerSec" : 50.227246895264535,
    "sentKBytesPerSec" : 8.167503170539112
  },
  "7. Logout-1" : {
    "transaction" : "7. Logout-1",
    "sampleCount" : 700,
    "errorCount" : 0,
    "errorPct" : 0.0,
    "meanResTime" : 324.1757142857148,
    "medianResTime" : 210.0,
    "minResTime" : 2.0,
    "maxResTime" : 2350.0,
    "pct1ResTime" : 1010.6999999999999,
    "pct2ResTime" : 1272.7999999999997,
    "pct3ResTime" : 1690.8600000000001,
    "throughput" : 13.568521031207599,
    "receivedKBytesPerSec" : 39.27450814111262,
    "sentKBytesPerSec" : 2.239335990502035
  },
  "7. Logout-0" : {
    "transaction" : "7. Logout-0",
    "sampleCount" : 700,
    "errorCount" : 0,
    "errorPct" : 0.0,
    "meanResTime" : 367.2885714285713,
    "medianResTime" : 225.5,
    "minResTime" : 2.0,
    "maxResTime" : 2427.0,
    "pct1ResTime" : 1063.7999999999997,
    "pct2ResTime" : 1276.7999999999997,
    "pct3ResTime" : 2306.92,
    "throughput" : 13.557746315198234,
    "receivedKBytesPerSec" : 1.7741582092153938,
    "sentKBytesPerSec" : 2.316997661288761
  },
  "4. Dettagli Film" : {
    "transaction" : "4. Dettagli Film",
    "sampleCount" : 700,
    "errorCount" : 0,
    "errorPct" : 0.0,
    "meanResTime" : 3834.940000000006,
    "medianResTime" : 3905.0,
    "minResTime" : 167.0,
    "maxResTime" : 14737.0,
    "pct1ResTime" : 7029.9,
    "pct2ResTime" : 8222.8,
    "pct3ResTime" : 10527.41,
    "throughput" : 13.499961428681633,
    "receivedKBytesPerSec" : 2149.126095967851,
    "sentKBytesPerSec" : 2.401836748100363
  },
  "Total" : {
    "transaction" : "Total",
    "sampleCount" : 9100,
    "errorCount" : 18,
    "errorPct" : 0.1978022,
    "meanResTime" : 3513.9821978022037,
    "medianResTime" : 1421.0,
    "minResTime" : 2.0,
    "maxResTime" : 30141.0,
    "pct1ResTime" : 11348.0,
    "pct2ResTime" : 14205.54999999999,
    "pct3ResTime" : 19061.97,
    "throughput" : 165.11231266102985,
    "receivedKBytesPerSec" : 21623.652438014844,
    "sentKBytesPerSec" : 43.13319962373444
  },
  "6. Aggiungi Recensione" : {
    "transaction" : "6. Aggiungi Recensione",
    "sampleCount" : 700,
    "errorCount" : 0,
    "errorPct" : 0.0,
    "meanResTime" : 5833.275714285719,
    "medianResTime" : 3247.5,
    "minResTime" : 229.0,
    "maxResTime" : 24432.0,
    "pct1ResTime" : 14327.299999999994,
    "pct2ResTime" : 16286.799999999997,
    "pct3ResTime" : 18826.31,
    "throughput" : 13.336127569586008,
    "receivedKBytesPerSec" : 2124.9614316511556,
    "sentKBytesPerSec" : 7.3370655637371645
  },
  "7. Logout" : {
    "transaction" : "7. Logout",
    "sampleCount" : 700,
    "errorCount" : 0,
    "errorPct" : 0.0,
    "meanResTime" : 691.8671428571431,
    "medianResTime" : 408.5,
    "minResTime" : 5.0,
    "maxResTime" : 3897.0,
    "pct1ResTime" : 1966.9999999999995,
    "pct2ResTime" : 2602.549999999995,
    "pct3ResTime" : 3587.8100000000004,
    "throughput" : 13.556433496010536,
    "receivedKBytesPerSec" : 41.013506807266246,
    "sentKBytesPerSec" : 4.554114377566039
  },
  "3. Visualizza Catalogo" : {
    "transaction" : "3. Visualizza Catalogo",
    "sampleCount" : 700,
    "errorCount" : 0,
    "errorPct" : 0.0,
    "meanResTime" : 9641.162857142857,
    "medianResTime" : 10056.0,
    "minResTime" : 21.0,
    "maxResTime" : 21261.0,
    "pct1ResTime" : 19037.0,
    "pct2ResTime" : 19659.6,
    "pct3ResTime" : 20129.38,
    "throughput" : 13.85343070316056,
    "receivedKBytesPerSec" : 8598.714545421935,
    "sentKBytesPerSec" : 2.3945871430267767
  },
  "6. Aggiungi Recensione-1" : {
    "transaction" : "6. Aggiungi Recensione-1",
    "sampleCount" : 700,
    "errorCount" : 0,
    "errorPct" : 0.0,
    "meanResTime" : 2209.455714285713,
    "medianResTime" : 1786.5,
    "minResTime" : 99.0,
    "maxResTime" : 14206.0,
    "pct1ResTime" : 4468.0999999999985,
    "pct2ResTime" : 5933.949999999993,
    "pct3ResTime" : 10874.250000000002,
    "throughput" : 13.38432122370937,
    "receivedKBytesPerSec" : 2130.716755795889,
    "sentKBytesPerSec" : 2.3812626971797326
  },
  "1. Home Page" : {
    "transaction" : "1. Home Page",
    "sampleCount" : 700,
    "errorCount" : 18,
    "errorPct" : 2.5714285,
    "meanResTime" : 8852.688571428578,
    "medianResTime" : 10378.5,
    "minResTime" : 342.0,
    "maxResTime" : 30141.0,
    "pct1ResTime" : 13461.9,
    "pct2ResTime" : 13983.4,
    "pct3ResTime" : 30030.99,
    "throughput" : 21.107224701483535,
    "receivedKBytesPerSec" : 60.91954943613557,
    "sentKBytesPerSec" : 2.3295685834036908
  }
}