{
  "2. Login-1" : {
    "transaction" : "2. Login-1",
    "sampleCount" : 160,
    "errorCount" : 0,
    "errorPct" : 0.0,
    "meanResTime" : 403.18750000000006,
    "medianResTime" : 145.5,
    "minResTime" : 7.0,
    "maxResTime" : 11216.0,
    "pct1ResTime" : 426.20000000000016,
    "pct2ResTime" : 2133.8999999999965,
    "pct3ResTime" : 9872.77999999997,
    "throughput" : 3.0159657687885244,
    "receivedKBytesPerSec" : 8.51962468897853,
    "sentKBytesPerSec" : 0.5507671862924356
  },
  "2. Login-0" : {
    "transaction" : "2. Login-0",
    "sampleCount" : 160,
    "errorCount" : 0,
    "errorPct" : 0.0,
    "meanResTime" : 3595.912499999999,
    "medianResTime" : 1514.0,
    "minResTime" : 21.0,
    "maxResTime" : 47009.0,
    "pct1ResTime" : 6032.3,
    "pct2ResTime" : 28172.799999999785,
    "pct3ResTime" : 37926.099999999795,
    "throughput" : 2.980070776680946,
    "receivedKBytesPerSec" : 0.44235425591357797,
    "sentKBytesPerSec" : 0.9127558088098343
  },
  "2. Login" : {
    "transaction" : "2. Login",
    "sampleCount" : 160,
    "errorCount" : 0,
    "errorPct" : 0.0,
    "meanResTime" : 3999.825,
    "medianResTime" : 1679.5,
    "minResTime" : 77.0,
    "maxResTime" : 47190.0,
    "pct1ResTime" : 6754.7000000000035,
    "pct2ResTime" : 29127.949999999888,
    "pct3ResTime" : 39630.26999999983,
    "throughput" : 2.970058101761616,
    "receivedKBytesPerSec" : 8.83081081425999,
    "sentKBytesPerSec" : 1.4520727176959773
  },
  "4. Dettagli Film" : {
    "transaction" : "4. Dettagli Film",
    "sampleCount" : 160,
    "errorCount" : 137,
    "errorPct" : 85.625,
    "meanResTime" : 145044.73124999998,
    "medianResTime" : 185121.0,
    "minResTime" : 111.0,
    "maxResTime" : 227106.0,
    "pct1ResTime" : 206304.1,
    "pct2ResTime" : 218799.1,
    "pct3ResTime" : 227083.43,
    "throughput" : 0.7042966497488743,
    "receivedKBytesPerSec" : 60.20140253387227,
    "sentKBytesPerSec" : 0.0258565939223601
  },
  "Total" : {
    "transaction" : "Total",
    "sampleCount" : 1440,
    "errorCount" : 618,
    "errorPct" : 42.916668,
    "meanResTime" : 27557.07499999996,
    "medianResTime" : 600.0,
    "minResTime" : 7.0,
    "maxResTime" : 231419.0,
    "pct1ResTime" : 150012.0,
    "pct2ResTime" : 188612.95,
    "pct3ResTime" : 207961.93999999997,
    "throughput" : 5.842187899368314,
    "receivedKBytesPerSec" : 4325.741480364518,
    "sentKBytesPerSec" : 0.8437725357834008
  },
  "5. Ricerca Film" : {
    "transaction" : "5. Ricerca Film",
    "sampleCount" : 160,
    "errorCount" : 157,
    "errorPct" : 98.125,
    "meanResTime" : 39630.66249999999,
    "medianResTime" : 234.0,
    "minResTime" : 112.0,
    "maxResTime" : 174661.0,
    "pct1ResTime" : 157143.7,
    "pct2ResTime" : 163501.25,
    "pct3ResTime" : 173775.88999999998,
    "throughput" : 0.9116913013253712,
    "receivedKBytesPerSec" : 1.866947246193689,
    "sentKBytesPerSec" : 0.0032051647312220082
  },
  "6. Aggiungi Recensione" : {
    "transaction" : "6. Aggiungi Recensione",
    "sampleCount" : 160,
    "errorCount" : 160,
    "errorPct" : 100.0,
    "meanResTime" : 6344.6937500000095,
    "medianResTime" : 530.0,
    "minResTime" : 105.0,
    "maxResTime" : 163232.0,
    "pct1ResTime" : 607.0,
    "pct2ResTime" : 622.95,
    "pct3ResTime" : 162257.83,
    "throughput" : 0.974445175278326,
    "receivedKBytesPerSec" : 1.9907610416818924,
    "sentKBytesPerSec" : 0.0
  },
  "7. Logout" : {
    "transaction" : "7. Logout",
    "sampleCount" : 160,
    "errorCount" : 160,
    "errorPct" : 100.0,
    "meanResTime" : 209.6187499999998,
    "medianResTime" : 151.0,
    "minResTime" : 55.0,
    "maxResTime" : 604.0,
    "pct1ResTime" : 479.30000000000007,
    "pct2ResTime" : 502.74999999999994,
    "pct3ResTime" : 603.39,
    "throughput" : 154.58937198067633,
    "receivedKBytesPerSec" : 315.8212560386474,
    "sentKBytesPerSec" : 0.0
  },
  "3. Visualizza Catalogo" : {
    "transaction" : "3. Visualizza Catalogo",
    "sampleCount" : 160,
    "errorCount" : 4,
    "errorPct" : 2.5,
    "meanResTime" : 48006.5375,
    "medianResTime" : 49027.5,
    "minResTime" : 16795.0,
    "maxResTime" : 231419.0,
    "pct1ResTime" : 56590.7,
    "pct2ResTime" : 60357.44999999996,
    "pct3ResTime" : 216769.8499999997,
    "throughput" : 0.6554314787353449,
    "receivedKBytesPerSec" : 4301.896423616374,
    "sentKBytesPerSec" : 0.11046004633081265
  },
  "1. Home Page" : {
    "transaction" : "1. Home Page",
    "sampleCount" : 160,
    "errorCount" : 0,
    "errorPct" : 0.0,
    "meanResTime" : 778.5062500000004,
    "medianResTime" : 228.5,
    "minResTime" : 10.0,
    "maxResTime" : 3686.0,
    "pct1ResTime" : 3036.9,
    "pct2ResTime" : 3270.199999999999,
    "pct3ResTime" : 3667.0899999999997,
    "throughput" : 19.49555257706836,
    "receivedKBytesPerSec" : 55.973559156817345,
    "sentKBytesPerSec" : 2.2084805653710244
  }
}