{
  "2. Login-1" : {
    "transaction" : "2. Login-1",
    "sampleCount" : 1670,
    "errorCount" : 0,
    "errorPct" : 0.0,
    "meanResTime" : 8609.42754491016,
    "medianResTime" : 12878.5,
    "minResTime" : 5.0,
    "maxResTime" : 15316.0,
    "pct1ResTime" : 13366.8,
    "pct2ResTime" : 14036.45,
    "pct3ResTime" : 14504.869999999999,
    "throughput" : 23.275261324041814,
    "receivedKBytesPerSec" : 66.29545949477352,
    "sentKBytesPerSec" : 4.250462761324042
  },
  "2. Login-0" : {
    "transaction" : "2. Login-0",
    "sampleCount" : 1670,
    "errorCount" : 0,
    "errorPct" : 0.0,
    "meanResTime" : 10110.338922155679,
    "medianResTime" : 11813.0,
    "minResTime" : 7.0,
    "maxResTime" : 39099.0,
    "pct1ResTime" : 14679.000000000004,
    "pct2ResTime" : 21666.799999999992,
    "pct3ResTime" : 32147.139999999992,
    "throughput" : 28.597849167751217,
    "receivedKBytesPerSec" : 4.576110735324337,
    "sentKBytesPerSec" : 8.52640939661963
  },
  "6. Aggiungi Recensione-0" : {
    "transaction" : "6. Aggiungi Recensione-0",
    "sampleCount" : 1274,
    "errorCount" : 0,
    "errorPct" : 0.0,
    "meanResTime" : 29501.00000000001,
    "medianResTime" : 19186.0,
    "minResTime" : 27.0,
    "maxResTime" : 105686.0,
    "pct1ResTime" : 75241.5,
    "pct2ResTime" : 99676.75,
    "pct3ResTime" : 104711.25,
    "throughput" : 6.9324278733661995,
    "receivedKBytesPerSec" : 0.9964844302648905,
    "sentKBytesPerSec" : 2.5806525185145888
  },
  "5. Ricerca Film" : {
    "transaction" : "5. Ricerca Film",
    "sampleCount" : 1700,
    "errorCount" : 0,
    "errorPct" : 0.0,
    "meanResTime" : 27048.068823529404,
    "medianResTime" : 25553.0,
    "minResTime" : 171.0,
    "maxResTime" : 49616.0,
    "pct1ResTime" : 44397.3,
    "pct2ResTime" : 45221.7,
    "pct3ResTime" : 46867.74,
    "throughput" : 9.499064062805576,
    "receivedKBytesPerSec" : 5595.173004323471,
    "sentKBytesPerSec" : 1.7810745117760456
  },
  "2. Login" : {
    "transaction" : "2. Login",
    "sampleCount" : 1700,
    "errorCount" : 30,
    "errorPct" : 1.7647059,
    "meanResTime" : 18397.018823529415,
    "medianResTime" : 24654.0,
    "minResTime" : 3.0,
    "maxResTime" : 49703.0,
    "pct1ResTime" : 27366.9,
    "pct2ResTime" : 32266.199999999997,
    "pct3ResTime" : 44144.94,
    "throughput" : 23.53983771358941,
    "receivedKBytesPerSec" : 70.6334412386801,
    "sentKBytesPerSec" : 11.117434798111274
  },
  "7. Logout-1" : {
    "transaction" : "7. Logout-1",
    "sampleCount" : 1698,
    "errorCount" : 0,
    "errorPct" : 0.0,
    "meanResTime" : 7451.554770318003,
    "medianResTime" : 846.0,
    "minResTime" : 4.0,
    "maxResTime" : 46035.0,
    "pct1ResTime" : 22806.1,
    "pct2ResTime" : 24905.25,
    "pct3ResTime" : 44712.14,
    "throughput" : 9.546136850449479,
    "receivedKBytesPerSec" : 27.631591430402594,
    "sentKBytesPerSec" : 1.5754854762948847
  },
  "7. Logout-0" : {
    "transaction" : "7. Logout-0",
    "sampleCount" : 1698,
    "errorCount" : 0,
    "errorPct" : 0.0,
    "meanResTime" : 11695.494110718479,
    "medianResTime" : 4834.5,
    "minResTime" : 3.0,
    "maxResTime" : 45991.0,
    "pct1ResTime" : 39241.8,
    "pct2ResTime" : 44602.2,
    "pct3ResTime" : 45490.55,
    "throughput" : 9.490699338222143,
    "receivedKBytesPerSec" : 1.241946983712663,
    "sentKBytesPerSec" : 1.6219456876844482
  },
  "4. Dettagli Film" : {
    "transaction" : "4. Dettagli Film",
    "sampleCount" : 1700,
    "errorCount" : 15,
    "errorPct" : 0.88235295,
    "meanResTime" : 25247.141764705888,
    "medianResTime" : 27863.5,
    "minResTime" : 506.0,
    "maxResTime" : 52773.0,
    "pct1ResTime" : 40559.0,
    "pct2ResTime" : 43534.85,
    "pct3ResTime" : 47300.69,
    "throughput" : 11.701702941945786,
    "receivedKBytesPerSec" : 1823.3899577985828,
    "sentKBytesPerSec" : 2.0560661068778483
  },
  "Total" : {
    "transaction" : "Total",
    "sampleCount" : 21184,
    "errorCount" : 788,
    "errorPct" : 3.7197886,
    "meanResTime" : 19788.02374433534,
    "medianResTime" : 14335.0,
    "minResTime" : 1.0,
    "maxResTime" : 132596.0,
    "pct1ResTime" : 44057.9,
    "pct2ResTime" : 54661.350000000006,
    "pct3ResTime" : 99868.63000000006,
    "throughput" : 110.53309888183331,
    "receivedKBytesPerSec" : 14286.137128364806,
    "sentKBytesPerSec" : 27.268561214799664
  },
  "6. Aggiungi Recensione" : {
    "transaction" : "6. Aggiungi Recensione",
    "sampleCount" : 1700,
    "errorCount" : 426,
    "errorPct" : 25.058823,
    "meanResTime" : 37732.48705882364,
    "medianResTime" : 28228.5,
    "minResTime" : 1.0,
    "maxResTime" : 132596.0,
    "pct1ResTime" : 93312.50000000004,
    "pct2ResTime" : 112708.44999999994,
    "pct3ResTime" : 130583.54,
    "throughput" : 9.211795433116947,
    "receivedKBytesPerSec" : 1097.64039605979,
    "sentKBytesPerSec" : 3.858624678941836
  },
  "7. Logout" : {
    "transaction" : "7. Logout",
    "sampleCount" : 1700,
    "errorCount" : 2,
    "errorPct" : 0.11764706,
    "meanResTime" : 19126.105294117657,
    "medianResTime" : 5242.5,
    "minResTime" : 10.0,
    "maxResTime" : 70444.0,
    "pct1ResTime" : 61499.20000000001,
    "pct2ResTime" : 67379.6,
    "pct3ResTime" : 69444.0,
    "throughput" : 9.501187648456057,
    "receivedKBytesPerSec" : 28.733822656140838,
    "sentKBytesPerSec" : 3.1880501606818497
  },
  "3. Visualizza Catalogo" : {
    "transaction" : "3. Visualizza Catalogo",
    "sampleCount" : 1700,
    "errorCount" : 21,
    "errorPct" : 1.2352941,
    "meanResTime" : 22373.308823529413,
    "medianResTime" : 18096.0,
    "minResTime" : 2.0,
    "maxResTime" : 47140.0,
    "pct1ResTime" : 42801.8,
    "pct2ResTime" : 44615.95,
    "pct3ResTime" : 45672.62,
    "throughput" : 14.567765818879826,
    "receivedKBytesPerSec" : 8930.866126650657,
    "sentKBytesPerSec" : 2.4829638815812025
  },
  "6. Aggiungi Recensione-1" : {
    "transaction" : "6. Aggiungi Recensione-1",
    "sampleCount" : 1274,
    "errorCount" : 0,
    "errorPct" : 0.0,
    "meanResTime" : 20237.570643642084,
    "medianResTime" : 15672.0,
    "minResTime" : 428.0,
    "maxResTime" : 50721.0,
    "pct1ResTime" : 44746.0,
    "pct2ResTime" : 46500.5,
    "pct3ResTime" : 48226.0,
    "throughput" : 6.9136928019449515,
    "receivedKBytesPerSec" : 1093.8691502490205,
    "sentKBytesPerSec" : 1.2300992639277808
  },
  "1. Home Page" : {
    "transaction" : "1. Home Page",
    "sampleCount" : 1700,
    "errorCount" : 294,
    "errorPct" : 17.294117,
    "meanResTime" : 21869.314705882345,
    "medianResTime" : 31325.5,
    "minResTime" : 10.0,
    "maxResTime" : 41738.0,
    "pct1ResTime" : 40607.6,
    "pct2ResTime" : 40778.95,
    "pct3ResTime" : 41241.84,
    "throughput" : 36.96375377791307,
    "receivedKBytesPerSec" : 104.91465466748929,
    "sentKBytesPerSec" : 3.4631436041834274
  }
}