{
  "2. Login-1" : {
    "transaction" : "2. Login-1",
    "sampleCount" : 1300,
    "errorCount" : 0,
    "errorPct" : 0.0,
    "meanResTime" : 438.842307692308,
    "medianResTime" : 326.0,
    "minResTime" : 3.0,
    "maxResTime" : 1887.0,
    "pct1ResTime" : 1058.3000000000006,
    "pct2ResTime" : 1318.8500000000001,
    "pct3ResTime" : 1738.7300000000002,
    "throughput" : 20.21050013214558,
    "receivedKBytesPerSec" : 57.56597805217419,
    "sentKBytesPerSec" : 3.690784692100804
  },
  "2. Login-0" : {
    "transaction" : "2. Login-0",
    "sampleCount" : 1300,
    "errorCount" : 0,
    "errorPct" : 0.0,
    "meanResTime" : 639.2423076923073,
    "medianResTime" : 390.0,
    "minResTime" : 15.0,
    "maxResTime" : 7245.0,
    "pct1ResTime" : 1471.4000000000015,
    "pct2ResTime" : 2761.0000000000036,
    "pct3ResTime" : 4880.27,
    "throughput" : 20.184141475305477,
    "receivedKBytesPerSec" : 2.9960835002406574,
    "sentKBytesPerSec" : 6.182970212865062
  },
  "6. Aggiungi Recensione-0" : {
    "transaction" : "6. Aggiungi Recensione-0",
    "sampleCount" : 1300,
    "errorCount" : 0,
    "errorPct" : 0.0,
    "meanResTime" : 484.8392307692314,
    "medianResTime" : 232.5,
    "minResTime" : 10.0,
    "maxResTime" : 5393.0,
    "pct1ResTime" : 1085.4000000000005,
    "pct2ResTime" : 1681.4000000000015,
    "pct3ResTime" : 3575.970000000002,
    "throughput" : 19.60873041012414,
    "receivedKBytesPerSec" : 2.818401473671509,
    "sentKBytesPerSec" : 7.299302758797532
  },
  "5. Ricerca Film" : {
    "transaction" : "5. Ricerca Film",
    "sampleCount" : 1300,
    "errorCount" : 0,
    "errorPct" : 0.0,
    "meanResTime" : 4622.150000000002,
    "medianResTime" : 1636.5,
    "minResTime" : 34.0,
    "maxResTime" : 11885.0,
    "pct1ResTime" : 10174.9,
    "pct2ResTime" : 10488.85,
    "pct3ResTime" : 11224.96,
    "throughput" : 19.269821976490817,
    "receivedKBytesPerSec" : 11350.389576971822,
    "sentKBytesPerSec" : 3.6130916205920287
  },
  "2. Login" : {
    "transaction" : "2. Login",
    "sampleCount" : 1300,
    "errorCount" : 0,
    "errorPct" : 0.0,
    "meanResTime" : 1078.313076923076,
    "medianResTime" : 736.5,
    "minResTime" : 66.0,
    "maxResTime" : 8436.0,
    "pct1ResTime" : 2517.800000000002,
    "pct2ResTime" : 3513.250000000002,
    "pct3ResTime" : 5965.700000000001,
    "throughput" : 20.127889513369563,
    "receivedKBytesPerSec" : 60.31841014832706,
    "sentKBytesPerSec" : 9.841437228079954
  },
  "7. Logout-1" : {
    "transaction" : "7. Logout-1",
    "sampleCount" : 1300,
    "errorCount" : 0,
    "errorPct" : 0.0,
    "meanResTime" : 191.27461538461512,
    "medianResTime" : 85.5,
    "minResTime" : 2.0,
    "maxResTime" : 1277.0,
    "pct1ResTime" : 531.9000000000001,
    "pct2ResTime" : 621.95,
    "pct3ResTime" : 993.99,
    "throughput" : 20.42483660130719,
    "receivedKBytesPerSec" : 59.120327818627445,
    "sentKBytesPerSec" : 3.370895884395425
  },
  "7. Logout-0" : {
    "transaction" : "7. Logout-0",
    "sampleCount" : 1300,
    "errorCount" : 0,
    "errorPct" : 0.0,
    "meanResTime" : 202.2946153846153,
    "medianResTime" : 89.0,
    "minResTime" : 2.0,
    "maxResTime" : 1591.0,
    "pct1ResTime" : 558.8000000000002,
    "pct2ResTime" : 683.5500000000004,
    "pct3ResTime" : 1001.9300000000001,
    "throughput" : 20.270691698372108,
    "receivedKBytesPerSec" : 2.652610046466662,
    "sentKBytesPerSec" : 3.464229538296014
  },
  "4. Dettagli Film" : {
    "transaction" : "4. Dettagli Film",
    "sampleCount" : 1300,
    "errorCount" : 0,
    "errorPct" : 0.0,
    "meanResTime" : 2118.0176923076924,
    "medianResTime" : 1279.0,
    "minResTime" : 164.0,
    "maxResTime" : 9329.0,
    "pct1ResTime" : 4336.300000000001,
    "pct2ResTime" : 6766.300000000001,
    "pct3ResTime" : 8792.93,
    "throughput" : 19.401537198716515,
    "receivedKBytesPerSec" : 3111.7312548970226,
    "sentKBytesPerSec" : 3.4517596634579513
  },
  "Total" : {
    "transaction" : "Total",
    "sampleCount" : 16900,
    "errorCount" : 0,
    "errorPct" : 0.0,
    "meanResTime" : 3462.620887573975,
    "medianResTime" : 618.0,
    "minResTime" : 2.0,
    "maxResTime" : 60243.0,
    "pct1ResTime" : 8735.9,
    "pct2ResTime" : 13427.949999999999,
    "pct3ResTime" : 56746.30000000011,
    "throughput" : 240.61392143741904,
    "receivedKBytesPerSec" : 31577.7988998409,
    "sentKBytesPerSec" : 62.9599383159873
  },
  "6. Aggiungi Recensione" : {
    "transaction" : "6. Aggiungi Recensione",
    "sampleCount" : 1300,
    "errorCount" : 0,
    "errorPct" : 0.0,
    "meanResTime" : 1849.3292307692295,
    "medianResTime" : 1196.0,
    "minResTime" : 205.0,
    "maxResTime" : 7447.0,
    "pct1ResTime" : 3957.100000000001,
    "pct2ResTime" : 4371.8,
    "pct3ResTime" : 5327.67,
    "throughput" : 19.549754124246206,
    "receivedKBytesPerSec" : 3138.3130712193783,
    "sentKBytesPerSec" : 10.755478160668902
  },
  "7. Logout" : {
    "transaction" : "7. Logout",
    "sampleCount" : 1300,
    "errorCount" : 0,
    "errorPct" : 0.0,
    "meanResTime" : 393.7223076923074,
    "medianResTime" : 175.0,
    "minResTime" : 5.0,
    "maxResTime" : 2213.0,
    "pct1ResTime" : 1052.0,
    "pct2ResTime" : 1323.95,
    "pct3ResTime" : 1771.98,
    "throughput" : 20.26974350978405,
    "receivedKBytesPerSec" : 61.32389198565525,
    "sentKBytesPerSec" : 6.809366960318078
  },
  "3. Visualizza Catalogo" : {
    "transaction" : "3. Visualizza Catalogo",
    "sampleCount" : 1300,
    "errorCount" : 0,
    "errorPct" : 0.0,
    "meanResTime" : 6303.743846153845,
    "medianResTime" : 2043.0,
    "minResTime" : 38.0,
    "maxResTime" : 19794.0,
    "pct1ResTime" : 14038.0,
    "pct2ResTime" : 15070.25,
    "pct3ResTime" : 17089.05,
    "throughput" : 19.64963194727853,
    "receivedKBytesPerSec" : 12196.370734234948,
    "sentKBytesPerSec" : 3.3964695846370105
  },
  "6. Aggiungi Recensione-1" : {
    "transaction" : "6. Aggiungi Recensione-1",
    "sampleCount" : 1300,
    "errorCount" : 0,
    "errorPct" : 0.0,
    "meanResTime" : 1364.303076923077,
    "medianResTime" : 683.0,
    "minResTime" : 105.0,
    "maxResTime" : 6965.0,
    "pct1ResTime" : 3194.5000000000005,
    "pct2ResTime" : 3557.8500000000004,
    "pct3ResTime" : 4606.8,
    "throughput" : 19.557106751715008,
    "receivedKBytesPerSec" : 3136.6824036342373,
    "sentKBytesPerSec" : 3.479437300667951
  },
  "1. Home Page" : {
    "transaction" : "1. Home Page",
    "sampleCount" : 1300,
    "errorCount" : 0,
    "errorPct" : 0.0,
    "meanResTime" : 25327.99923076923,
    "medianResTime" : 20641.0,
    "minResTime" : 603.0,
    "maxResTime" : 60243.0,
    "pct1ResTime" : 58669.8,
    "pct2ResTime" : 60096.45,
    "pct3ResTime" : 60224.97,
    "throughput" : 20.18194802372155,
    "receivedKBytesPerSec" : 58.41727924053777,
    "sentKBytesPerSec" : 2.2862362995622068
  }
}