{
  "2. Login-1" : {
    "transaction" : "2. Login-1",
    "sampleCount" : 300,
    "errorCount" : 0,
    "errorPct" : 0.0,
    "meanResTime" : 201.3333333333334,
    "medianResTime" : 176.0,
    "minResTime" : 11.0,
    "maxResTime" : 626.0,
    "pct1ResTime" : 345.0,
    "pct2ResTime" : 413.6499999999999,
    "pct3ResTime" : 498.97,
    "throughput" : 11.770244821092279,
    "receivedKBytesPerSec" : 33.52496763182674,
    "sentKBytesPerSec" : 2.1494490054143127
  },
  "2. Login-0" : {
    "transaction" : "2. Login-0",
    "sampleCount" : 300,
    "errorCount" : 0,
    "errorPct" : 0.0,
    "meanResTime" : 234.53000000000003,
    "medianResTime" : 205.5,
    "minResTime" : 11.0,
    "maxResTime" : 725.0,
    "pct1ResTime" : 402.90000000000003,
    "pct2ResTime" : 420.95,
    "pct3ResTime" : 549.4500000000005,
    "throughput" : 11.771630370806356,
    "receivedKBytesPerSec" : 1.7473513831665686,
    "sentKBytesPerSec" : 3.6055216303708066
  },
  "6. Aggiungi Recensione-0" : {
    "transaction" : "6. Aggiungi Recensione-0",
    "sampleCount" : 300,
    "errorCount" : 0,
    "errorPct" : 0.0,
    "meanResTime" : 259.4966666666667,
    "medianResTime" : 222.0,
    "minResTime" : 46.0,
    "maxResTime" : 674.0,
    "pct1ResTime" : 432.50000000000017,
    "pct2ResTime" : 504.39999999999986,
    "pct3ResTime" : 597.7900000000002,
    "throughput" : 12.762155953545752,
    "receivedKBytesPerSec" : 1.8346430052750244,
    "sentKBytesPerSec" : 4.750995049347003
  },
  "5. Ricerca Film" : {
    "transaction" : "5. Ricerca Film",
    "sampleCount" : 300,
    "errorCount" : 0,
    "errorPct" : 0.0,
    "meanResTime" : 3985.7566666666635,
    "medianResTime" : 4038.5,
    "minResTime" : 334.0,
    "maxResTime" : 6434.0,
    "pct1ResTime" : 5785.6,
    "pct2ResTime" : 6095.75,
    "pct3ResTime" : 6333.74,
    "throughput" : 10.935734334560566,
    "receivedKBytesPerSec" : 6441.410664163599,
    "sentKBytesPerSec" : 2.0504501877301062
  },
  "2. Login" : {
    "transaction" : "2. Login",
    "sampleCount" : 300,
    "errorCount" : 0,
    "errorPct" : 0.0,
    "meanResTime" : 437.1566666666667,
    "medianResTime" : 416.0,
    "minResTime" : 77.0,
    "maxResTime" : 977.0,
    "pct1ResTime" : 707.0,
    "pct2ResTime" : 766.3499999999999,
    "pct3ResTime" : 969.6700000000003,
    "throughput" : 11.706403402661255,
    "receivedKBytesPerSec" : 35.08079857181879,
    "sentKBytesPerSec" : 5.723333788582355
  },
  "7. Logout-1" : {
    "transaction" : "7. Logout-1",
    "sampleCount" : 300,
    "errorCount" : 0,
    "errorPct" : 0.0,
    "meanResTime" : 199.30666666666653,
    "medianResTime" : 188.0,
    "minResTime" : 3.0,
    "maxResTime" : 665.0,
    "pct1ResTime" : 369.7000000000001,
    "pct2ResTime" : 439.95,
    "pct3ResTime" : 533.8500000000001,
    "throughput" : 13.6332651670075,
    "receivedKBytesPerSec" : 39.46191206543968,
    "sentKBytesPerSec" : 2.2500213019768234
  },
  "7. Logout-0" : {
    "transaction" : "7. Logout-0",
    "sampleCount" : 300,
    "errorCount" : 0,
    "errorPct" : 0.0,
    "meanResTime" : 203.85333333333332,
    "medianResTime" : 184.5,
    "minResTime" : 4.0,
    "maxResTime" : 586.0,
    "pct1ResTime" : 389.80000000000007,
    "pct2ResTime" : 457.95,
    "pct3ResTime" : 569.97,
    "throughput" : 13.534241631327259,
    "receivedKBytesPerSec" : 1.7710824009744655,
    "sentKBytesPerSec" : 2.3129807475412796
  },
  "4. Dettagli Film" : {
    "transaction" : "4. Dettagli Film",
    "sampleCount" : 300,
    "errorCount" : 0,
    "errorPct" : 0.0,
    "meanResTime" : 1610.346666666667,
    "medianResTime" : 1431.0,
    "minResTime" : 350.0,
    "maxResTime" : 4905.0,
    "pct1ResTime" : 2841.300000000001,
    "pct2ResTime" : 3348.7,
    "pct3ResTime" : 4366.910000000001,
    "throughput" : 10.913456291607552,
    "receivedKBytesPerSec" : 1736.4769416289244,
    "sentKBytesPerSec" : 1.9418989186583724
  },
  "Total" : {
    "transaction" : "Total",
    "sampleCount" : 3900,
    "errorCount" : 0,
    "errorPct" : 0.0,
    "meanResTime" : 1653.8987179487192,
    "medianResTime" : 467.0,
    "minResTime" : 3.0,
    "maxResTime" : 21488.0,
    "pct1ResTime" : 4217.6,
    "pct2ResTime" : 5553.399999999998,
    "pct3ResTime" : 15275.579999999947,
    "throughput" : 130.06503251625813,
    "receivedKBytesPerSec" : 17031.340702903537,
    "sentKBytesPerSec" : 34.03374864515591
  },
  "6. Aggiungi Recensione" : {
    "transaction" : "6. Aggiungi Recensione",
    "sampleCount" : 300,
    "errorCount" : 0,
    "errorPct" : 0.0,
    "meanResTime" : 1589.2166666666653,
    "medianResTime" : 1316.5,
    "minResTime" : 359.0,
    "maxResTime" : 4823.0,
    "pct1ResTime" : 2891.7000000000025,
    "pct2ResTime" : 3282.5,
    "pct3ResTime" : 3926.020000000002,
    "throughput" : 12.594458438287154,
    "receivedKBytesPerSec" : 2005.7574140034635,
    "sentKBytesPerSec" : 6.929575986565911
  },
  "7. Logout" : {
    "transaction" : "7. Logout",
    "sampleCount" : 300,
    "errorCount" : 0,
    "errorPct" : 0.0,
    "meanResTime" : 403.4833333333335,
    "medianResTime" : 366.5,
    "minResTime" : 8.0,
    "maxResTime" : 1010.0,
    "pct1ResTime" : 689.6000000000001,
    "pct2ResTime" : 821.4499999999998,
    "pct3ResTime" : 940.0,
    "throughput" : 13.531799729364005,
    "receivedKBytesPerSec" : 40.938980040595396,
    "sentKBytesPerSec" : 4.54583897158322
  },
  "3. Visualizza Catalogo" : {
    "transaction" : "3. Visualizza Catalogo",
    "sampleCount" : 300,
    "errorCount" : 0,
    "errorPct" : 0.0,
    "meanResTime" : 4019.4400000000014,
    "medianResTime" : 3882.5,
    "minResTime" : 808.0,
    "maxResTime" : 6595.0,
    "pct1ResTime" : 5445.500000000001,
    "pct2ResTime" : 5950.549999999999,
    "pct3ResTime" : 6548.980000000001,
    "throughput" : 10.765807794444843,
    "receivedKBytesPerSec" : 6682.251107981052,
    "sentKBytesPerSec" : 1.8608866988444699
  },
  "6. Aggiungi Recensione-1" : {
    "transaction" : "6. Aggiungi Recensione-1",
    "sampleCount" : 300,
    "errorCount" : 0,
    "errorPct" : 0.0,
    "meanResTime" : 1329.333333333334,
    "medianResTime" : 1076.5,
    "minResTime" : 286.0,
    "maxResTime" : 4475.0,
    "pct1ResTime" : 2612.9000000000005,
    "pct2ResTime" : 2846.1,
    "pct3ResTime" : 3707.0000000000027,
    "throughput" : 12.774111134766873,
    "receivedKBytesPerSec" : 2032.5320267591017,
    "sentKBytesPerSec" : 2.2729767670853738
  },
  "1. Home Page" : {
    "transaction" : "1. Home Page",
    "sampleCount" : 300,
    "errorCount" : 0,
    "errorPct" : 0.0,
    "meanResTime" : 7027.4299999999985,
    "medianResTime" : 3702.5,
    "minResTime" : 67.0,
    "maxResTime" : 21488.0,
    "pct1ResTime" : 16643.400000000005,
    "pct2ResTime" : 19967.249999999996,
    "pct3ResTime" : 21464.89,
    "throughput" : 11.627005658476087,
    "receivedKBytesPerSec" : 33.65473122238586,
    "sentKBytesPerSec" : 1.3171217347492443
  }
}