{
  "2. Login-1" : {
    "transaction" : "2. Login-1",
    "sampleCount" : 1608,
    "errorCount" : 0,
    "errorPct" : 0.0,
    "meanResTime" : 11382.515547263685,
    "medianResTime" : 10062.0,
    "minResTime" : 6.0,
    "maxResTime" : 46082.0,
    "pct1ResTime" : 27733.60000000001,
    "pct2ResTime" : 41253.1,
    "pct3ResTime" : 41513.73,
    "throughput" : 11.536060951725029,
    "receivedKBytesPerSec" : 32.85853377284075,
    "sentKBytesPerSec" : 2.106683005832598
  },
  "2. Login-0" : {
    "transaction" : "2. Login-0",
    "sampleCount" : 1608,
    "errorCount" : 0,
    "errorPct" : 0.0,
    "meanResTime" : 12645.851368159209,
    "medianResTime" : 7578.0,
    "minResTime" : 14.0,
    "maxResTime" : 65481.0,
    "pct1ResTime" : 31034.90000000024,
    "pct2ResTime" : 57042.55,
    "pct3ResTime" : 61726.24000000001,
    "throughput" : 16.698339512134336,
    "receivedKBytesPerSec" : 2.6163259077385588,
    "sentKBytesPerSec" : 5.018085324568782
  },
  "6. Aggiungi Recensione-0" : {
    "transaction" : "6. Aggiungi Recensione-0",
    "sampleCount" : 183,
    "errorCount" : 0,
    "errorPct" : 0.0,
    "meanResTime" : 50769.59016393441,
    "medianResTime" : 50380.0,
    "minResTime" : 2103.0,
    "maxResTime" : 84241.0,
    "pct1ResTime" : 79618.8,
    "pct2ResTime" : 81960.2,
    "pct3ResTime" : 83159.92,
    "throughput" : 1.3211279400511124,
    "receivedKBytesPerSec" : 0.1898938111833841,
    "sentKBytesPerSec" : 0.4917921881091266
  },
  "5. Ricerca Film" : {
    "transaction" : "5. Ricerca Film",
    "sampleCount" : 1385,
    "errorCount" : 3,
    "errorPct" : 0.2166065,
    "meanResTime" : 39654.277256317706,
    "medianResTime" : 44785.0,
    "minResTime" : 925.0,
    "maxResTime" : 80154.0,
    "pct1ResTime" : 57693.00000000001,
    "pct2ResTime" : 61337.6,
    "pct3ResTime" : 72030.08000000007,
    "throughput" : 7.730692804036705,
    "receivedKBytesPerSec" : 4543.717137578423,
    "sentKBytesPerSec" : 1.447411752885753
  },
  "2. Login" : {
    "transaction" : "2. Login",
    "sampleCount" : 1796,
    "errorCount" : 188,
    "errorPct" : 10.467706,
    "meanResTime" : 24695.44097995547,
    "medianResTime" : 21038.0,
    "minResTime" : 1117.0,
    "maxResTime" : 111565.0,
    "pct1ResTime" : 45833.19999999999,
    "pct2ResTime" : 98410.6,
    "pct3ResTime" : 99803.96999999999,
    "throughput" : 12.613776828857176,
    "receivedKBytesPerSec" : 37.33060772277784,
    "sentKBytesPerSec" : 5.456195920889988
  },
  "7. Logout-1" : {
    "transaction" : "7. Logout-1",
    "sampleCount" : 16,
    "errorCount" : 0,
    "errorPct" : 0.0,
    "meanResTime" : 30678.0625,
    "medianResTime" : 29976.5,
    "minResTime" : 26745.0,
    "maxResTime" : 35791.0,
    "pct1ResTime" : 35743.4,
    "pct2ResTime" : 35791.0,
    "pct3ResTime" : 35791.0,
    "throughput" : 0.14651746305012728,
    "receivedKBytesPerSec" : 0.42409937546931376,
    "sentKBytesPerSec" : 0.0241811047416714
  },
  "7. Logout-0" : {
    "transaction" : "7. Logout-0",
    "sampleCount" : 16,
    "errorCount" : 0,
    "errorPct" : 0.0,
    "meanResTime" : 28694.5625,
    "medianResTime" : 32694.5,
    "minResTime" : 377.0,
    "maxResTime" : 42714.0,
    "pct1ResTime" : 40278.0,
    "pct2ResTime" : 42714.0,
    "pct3ResTime" : 42714.0,
    "throughput" : 0.1678345151680443,
    "receivedKBytesPerSec" : 0.0219627197583183,
    "sentKBytesPerSec" : 0.028682656400788823
  },
  "4. Dettagli Film" : {
    "transaction" : "4. Dettagli Film",
    "sampleCount" : 1637,
    "errorCount" : 432,
    "errorPct" : 26.389738,
    "meanResTime" : 26617.5326817349,
    "medianResTime" : 28306.0,
    "minResTime" : 880.0,
    "maxResTime" : 75599.0,
    "pct1ResTime" : 44517.8,
    "pct2ResTime" : 47163.1,
    "pct3ResTime" : 53983.67999999999,
    "throughput" : 8.41035547495132,
    "receivedKBytesPerSec" : 998.7102507388603,
    "sentKBytesPerSec" : 1.1001122740070182
  },
  "Total" : {
    "transaction" : "Total",
    "sampleCount" : 12149,
    "errorCount" : 1031,
    "errorPct" : 8.486295,
    "meanResTime" : 24128.08543913085,
    "medianResTime" : 18434.0,
    "minResTime" : 3.0,
    "maxResTime" : 154705.0,
    "pct1ResTime" : 51115.0,
    "pct2ResTime" : 59310.0,
    "pct3ResTime" : 98549.5,
    "throughput" : 57.6186140041356,
    "receivedKBytesPerSec" : 10080.079329191803,
    "sentKBytesPerSec" : 12.729340181442433
  },
  "6. Aggiungi Recensione" : {
    "transaction" : "6. Aggiungi Recensione",
    "sampleCount" : 189,
    "errorCount" : 6,
    "errorPct" : 3.1746032,
    "meanResTime" : 86801.51851851851,
    "medianResTime" : 80922.0,
    "minResTime" : 11217.0,
    "maxResTime" : 154705.0,
    "pct1ResTime" : 119899.0,
    "pct2ResTime" : 124141.5,
    "pct3ResTime" : 133110.39999999988,
    "throughput" : 1.0447241430774588,
    "receivedKBytesPerSec" : 168.07345129319162,
    "sentKBytesPerSec" : 0.5585832345267511
  },
  "7. Logout" : {
    "transaction" : "7. Logout",
    "sampleCount" : 16,
    "errorCount" : 0,
    "errorPct" : 0.0,
    "meanResTime" : 59373.3125,
    "medianResTime" : 64382.5,
    "minResTime" : 27124.0,
    "maxResTime" : 77693.0,
    "pct1ResTime" : 71089.90000000001,
    "pct2ResTime" : 77693.0,
    "pct3ResTime" : 77693.0,
    "throughput" : 0.13105945184384266,
    "receivedKBytesPerSec" : 0.39650603692600056,
    "sentKBytesPerSec" : 0.0440277846037909
  },
  "3. Visualizza Catalogo" : {
    "transaction" : "3. Visualizza Catalogo",
    "sampleCount" : 1713,
    "errorCount" : 30,
    "errorPct" : 1.7513134,
    "meanResTime" : 29684.134851138388,
    "medianResTime" : 28292.0,
    "minResTime" : 114.0,
    "maxResTime" : 83596.0,
    "pct1ResTime" : 55867.600000000006,
    "pct2ResTime" : 59160.6,
    "pct3ResTime" : 68052.09999999996,
    "throughput" : 8.375831837940122,
    "receivedKBytesPerSec" : 5089.300076712755,
    "sentKBytesPerSec" : 1.3821914101272754
  },
  "6. Aggiungi Recensione-1" : {
    "transaction" : "6. Aggiungi Recensione-1",
    "sampleCount" : 183,
    "errorCount" : 0,
    "errorPct" : 0.0,
    "meanResTime" : 37831.4262295082,
    "medianResTime" : 31017.0,
    "minResTime" : 410.0,
    "maxResTime" : 70464.0,
    "pct1ResTime" : 57168.0,
    "pct2ResTime" : 59159.99999999999,
    "pct3ResTime" : 61502.039999999964,
    "throughput" : 1.0240053718314588,
    "receivedKBytesPerSec" : 169.9365636016451,
    "sentKBytesPerSec" : 0.1821867480834872
  },
  "1. Home Page" : {
    "transaction" : "1. Home Page",
    "sampleCount" : 1799,
    "errorCount" : 372,
    "errorPct" : 20.678154,
    "meanResTime" : 14607.603112840485,
    "medianResTime" : 10425.0,
    "minResTime" : 3.0,
    "maxResTime" : 41423.0,
    "pct1ResTime" : 30186.0,
    "pct2ResTime" : 32645.0,
    "pct3ResTime" : 40607.0,
    "throughput" : 40.12042818911686,
    "receivedKBytesPerSec" : 113.43733883669714,
    "sentKBytesPerSec" : 3.6050924119090095
  }
}