{
  "2. Login-1" : {
    "transaction" : "2. Login-1",
    "sampleCount" : 150,
    "errorCount" : 0,
    "errorPct" : 0.0,
    "meanResTime" : 179.50666666666663,
    "medianResTime" : 171.5,
    "minResTime" : 31.0,
    "maxResTime" : 467.0,
    "pct1ResTime" : 281.5,
    "pct2ResTime" : 329.9499999999999,
    "pct3ResTime" : 452.72000000000025,
    "throughput" : 10.317787866281469,
    "receivedKBytesPerSec" : 29.387693028614663,
    "sentKBytesPerSec" : 1.884205401361948
  },
  "2. Login-0" : {
    "transaction" : "2. Login-0",
    "sampleCount" : 150,
    "errorCount" : 0,
    "errorPct" : 0.0,
    "meanResTime" : 221.48,
    "medianResTime" : 200.5,
    "minResTime" : 52.0,
    "maxResTime" : 725.0,
    "pct1ResTime" : 362.20000000000005,
    "pct2ResTime" : 492.7999999999997,
    "pct3ResTime" : 707.6600000000003,
    "throughput" : 10.318497626745545,
    "receivedKBytesPerSec" : 1.531651991470042,
    "sentKBytesPerSec" : 3.1601742536286714
  },
  "6. Aggiungi Recensione-0" : {
    "transaction" : "6. Aggiungi Recensione-0",
    "sampleCount" : 150,
    "errorCount" : 0,
    "errorPct" : 0.0,
    "meanResTime" : 152.25333333333327,
    "medianResTime" : 150.0,
    "minResTime" : 28.0,
    "maxResTime" : 397.0,
    "pct1ResTime" : 253.8,
    "pct2ResTime" : 293.9,
    "pct3ResTime" : 397.0,
    "throughput" : 14.091122592766558,
    "receivedKBytesPerSec" : 2.025507133630813,
    "sentKBytesPerSec" : 5.245548819868483
  },
  "5. Ricerca Film" : {
    "transaction" : "5. Ricerca Film",
    "sampleCount" : 150,
    "errorCount" : 0,
    "errorPct" : 0.0,
    "meanResTime" : 2466.6733333333323,
    "medianResTime" : 2636.0,
    "minResTime" : 464.0,
    "maxResTime" : 3913.0,
    "pct1ResTime" : 3687.3,
    "pct2ResTime" : 3739.8,
    "pct3ResTime" : 3867.6100000000006,
    "throughput" : 11.641443538998837,
    "receivedKBytesPerSec" : 6857.09006354288,
    "sentKBytesPerSec" : 2.1827706635622817
  },
  "2. Login" : {
    "transaction" : "2. Login",
    "sampleCount" : 150,
    "errorCount" : 0,
    "errorPct" : 0.0,
    "meanResTime" : 401.66666666666674,
    "medianResTime" : 389.5,
    "minResTime" : 105.0,
    "maxResTime" : 881.0,
    "pct1ResTime" : 607.2,
    "pct2ResTime" : 689.2499999999998,
    "pct3ResTime" : 862.6400000000003,
    "throughput" : 10.247301543926767,
    "receivedKBytesPerSec" : 30.708013816778248,
    "sentKBytesPerSec" : 5.009702913649406
  },
  "7. Logout-1" : {
    "transaction" : "7. Logout-1",
    "sampleCount" : 150,
    "errorCount" : 0,
    "errorPct" : 0.0,
    "meanResTime" : 121.66666666666666,
    "medianResTime" : 115.5,
    "minResTime" : 4.0,
    "maxResTime" : 355.0,
    "pct1ResTime" : 207.50000000000003,
    "pct2ResTime" : 246.69999999999993,
    "pct3ResTime" : 338.1700000000003,
    "throughput" : 15.71503404924044,
    "receivedKBytesPerSec" : 45.487657150340496,
    "sentKBytesPerSec" : 2.593594486642221
  },
  "7. Logout-0" : {
    "transaction" : "7. Logout-0",
    "sampleCount" : 150,
    "errorCount" : 0,
    "errorPct" : 0.0,
    "meanResTime" : 120.29333333333338,
    "medianResTime" : 113.5,
    "minResTime" : 4.0,
    "maxResTime" : 327.0,
    "pct1ResTime" : 213.70000000000002,
    "pct2ResTime" : 231.39999999999986,
    "pct3ResTime" : 318.33000000000015,
    "throughput" : 15.394088669950738,
    "receivedKBytesPerSec" : 2.014460822044335,
    "sentKBytesPerSec" : 2.6308257004310347
  },
  "4. Dettagli Film" : {
    "transaction" : "4. Dettagli Film",
    "sampleCount" : 150,
    "errorCount" : 0,
    "errorPct" : 0.0,
    "meanResTime" : 1185.3733333333328,
    "medianResTime" : 1089.5,
    "minResTime" : 232.0,
    "maxResTime" : 3174.0,
    "pct1ResTime" : 2119.8,
    "pct2ResTime" : 2851.8,
    "pct3ResTime" : 3138.8100000000004,
    "throughput" : 9.666817039376168,
    "receivedKBytesPerSec" : 1575.1361535936394,
    "sentKBytesPerSec" : 1.7199507999291102
  },
  "Total" : {
    "transaction" : "Total",
    "sampleCount" : 1950,
    "errorCount" : 0,
    "errorPct" : 0.0,
    "meanResTime" : 1063.5425641025631,
    "medianResTime" : 344.5,
    "minResTime" : 4.0,
    "maxResTime" : 10776.0,
    "pct1ResTime" : 3428.0,
    "pct2ResTime" : 3767.7999999999993,
    "pct3ResTime" : 9700.93,
    "throughput" : 111.87607573149742,
    "receivedKBytesPerSec" : 14748.450778560671,
    "sentKBytesPerSec" : 29.27328734581182
  },
  "6. Aggiungi Recensione" : {
    "transaction" : "6. Aggiungi Recensione",
    "sampleCount" : 150,
    "errorCount" : 0,
    "errorPct" : 0.0,
    "meanResTime" : 929.6333333333336,
    "medianResTime" : 885.5,
    "minResTime" : 163.0,
    "maxResTime" : 2626.0,
    "pct1ResTime" : 1526.5000000000002,
    "pct2ResTime" : 1765.25,
    "pct3ResTime" : 2379.6700000000046,
    "throughput" : 13.852973771702992,
    "receivedKBytesPerSec" : 2259.2306260389732,
    "sentKBytesPerSec" : 7.621660856113779
  },
  "7. Logout" : {
    "transaction" : "7. Logout",
    "sampleCount" : 150,
    "errorCount" : 0,
    "errorPct" : 0.0,
    "meanResTime" : 242.3133333333333,
    "medianResTime" : 241.5,
    "minResTime" : 8.0,
    "maxResTime" : 614.0,
    "pct1ResTime" : 403.0,
    "pct2ResTime" : 446.49999999999966,
    "pct3ResTime" : 611.45,
    "throughput" : 15.387771850636028,
    "receivedKBytesPerSec" : 46.554020696553145,
    "sentKBytesPerSec" : 5.169329606073041
  },
  "3. Visualizza Catalogo" : {
    "transaction" : "3. Visualizza Catalogo",
    "sampleCount" : 150,
    "errorCount" : 0,
    "errorPct" : 0.0,
    "meanResTime" : 3005.32,
    "medianResTime" : 3468.5,
    "minResTime" : 695.0,
    "maxResTime" : 4118.0,
    "pct1ResTime" : 3886.2,
    "pct2ResTime" : 3984.7,
    "pct3ResTime" : 4114.9400000000005,
    "throughput" : 9.378516943853944,
    "receivedKBytesPerSec" : 5821.1704877610355,
    "sentKBytesPerSec" : 1.6210913076778792
  },
  "6. Aggiungi Recensione-1" : {
    "transaction" : "6. Aggiungi Recensione-1",
    "sampleCount" : 150,
    "errorCount" : 0,
    "errorPct" : 0.0,
    "meanResTime" : 776.9066666666669,
    "medianResTime" : 718.5,
    "minResTime" : 135.0,
    "maxResTime" : 2331.0,
    "pct1ResTime" : 1313.8000000000002,
    "pct2ResTime" : 1578.1499999999999,
    "pct3ResTime" : 2132.6100000000033,
    "throughput" : 14.161631419939576,
    "receivedKBytesPerSec" : 2307.53282621908,
    "sentKBytesPerSec" : 2.5196824549188066
  },
  "1. Home Page" : {
    "transaction" : "1. Home Page",
    "sampleCount" : 150,
    "errorCount" : 0,
    "errorPct" : 0.0,
    "meanResTime" : 4022.9666666666662,
    "medianResTime" : 2985.5,
    "minResTime" : 95.0,
    "maxResTime" : 10776.0,
    "pct1ResTime" : 9934.0,
    "pct2ResTime" : 10459.449999999999,
    "pct3ResTime" : 10760.7,
    "throughput" : 10.228435049437437,
    "receivedKBytesPerSec" : 29.606524889191956,
    "sentKBytesPerSec" : 1.1586899079440847
  }
}