{
  "2. Login-1" : {
    "transaction" : "2. Login-1",
    "sampleCount" : 150,
    "errorCount" : 0,
    "errorPct" : 0.0,
    "meanResTime" : 324.2800000000001,
    "medianResTime" : 149.5,
    "minResTime" : 7.0,
    "maxResTime" : 12490.0,
    "pct1ResTime" : 547.0000000000006,
    "pct2ResTime" : 998.4999999999985,
    "pct3ResTime" : 6885.6100000001,
    "throughput" : 2.715423606082549,
    "receivedKBytesPerSec" : 7.6705766880883415,
    "sentKBytesPerSec" : 0.4958830218139029
  },
  "2. Login-0" : {
    "transaction" : "2. Login-0",
    "sampleCount" : 150,
    "errorCount" : 0,
    "errorPct" : 0.0,
    "meanResTime" : 2077.38,
    "medianResTime" : 1173.5,
    "minResTime" : 55.0,
    "maxResTime" : 36117.0,
    "pct1ResTime" : 4086.5000000000014,
    "pct2ResTime" : 5455.0,
    "pct3ResTime" : 22056.30000000025,
    "throughput" : 3.448196593181766,
    "receivedKBytesPerSec" : 0.5118416818004184,
    "sentKBytesPerSec" : 1.0560551050550562
  },
  "6. Aggiungi Recensione-0" : {
    "transaction" : "6. Aggiungi Recensione-0",
    "sampleCount" : 150,
    "errorCount" : 0,
    "errorPct" : 0.0,
    "meanResTime" : 3330.286666666667,
    "medianResTime" : 1892.5,
    "minResTime" : 71.0,
    "maxResTime" : 13242.0,
    "pct1ResTime" : 8714.8,
    "pct2ResTime" : 11355.849999999993,
    "pct3ResTime" : 12819.720000000008,
    "throughput" : 5.639309748486785,
    "receivedKBytesPerSec" : 0.8103203480394,
    "sentKBytesPerSec" : 2.0989907397834506
  },
  "5. Ricerca Film" : {
    "transaction" : "5. Ricerca Film",
    "sampleCount" : 150,
    "errorCount" : 1,
    "errorPct" : 0.6666667,
    "meanResTime" : 5771.026666666667,
    "medianResTime" : 5409.0,
    "minResTime" : 456.0,
    "maxResTime" : 17287.0,
    "pct1ResTime" : 9708.800000000001,
    "pct2ResTime" : 11005.949999999993,
    "pct3ResTime" : 17256.4,
    "throughput" : 4.215377697841727,
    "receivedKBytesPerSec" : 11222.600127295624,
    "sentKBytesPerSec" : 0.7851140962230215
  },
  "2. Login" : {
    "transaction" : "2. Login",
    "sampleCount" : 150,
    "errorCount" : 0,
    "errorPct" : 0.0,
    "meanResTime" : 2402.3266666666677,
    "medianResTime" : 1359.5,
    "minResTime" : 86.0,
    "maxResTime" : 48608.0,
    "pct1ResTime" : 4852.200000000001,
    "pct2ResTime" : 5809.249999999999,
    "pct3ResTime" : 28524.71000000036,
    "throughput" : 2.6789541363051868,
    "receivedKBytesPerSec" : 7.965214338655523,
    "sentKBytesPerSec" : 1.3096876562723248
  },
  "7. Logout-1" : {
    "transaction" : "7. Logout-1",
    "sampleCount" : 150,
    "errorCount" : 0,
    "errorPct" : 0.0,
    "meanResTime" : 81.00000000000007,
    "medianResTime" : 59.0,
    "minResTime" : 4.0,
    "maxResTime" : 314.0,
    "pct1ResTime" : 186.20000000000005,
    "pct2ResTime" : 265.45,
    "pct3ResTime" : 313.49,
    "throughput" : 9.021471101220905,
    "receivedKBytesPerSec" : 25.90148929452096,
    "sentKBytesPerSec" : 1.488895132916341
  },
  "7. Logout-0" : {
    "transaction" : "7. Logout-0",
    "sampleCount" : 150,
    "errorCount" : 0,
    "errorPct" : 0.0,
    "meanResTime" : 83.55999999999999,
    "medianResTime" : 59.0,
    "minResTime" : 4.0,
    "maxResTime" : 435.0,
    "pct1ResTime" : 186.30000000000004,
    "pct2ResTime" : 239.14999999999992,
    "pct3ResTime" : 368.7000000000012,
    "throughput" : 8.978810008380222,
    "receivedKBytesPerSec" : 1.1749614659403806,
    "sentKBytesPerSec" : 1.534464601041542
  },
  "4. Dettagli Film" : {
    "transaction" : "4. Dettagli Film",
    "sampleCount" : 150,
    "errorCount" : 7,
    "errorPct" : 4.6666665,
    "meanResTime" : 39962.52666666666,
    "medianResTime" : 37341.0,
    "minResTime" : 4061.0,
    "maxResTime" : 75364.0,
    "pct1ResTime" : 64710.8,
    "pct2ResTime" : 68299.24999999999,
    "pct3ResTime" : 74339.41000000002,
    "throughput" : 1.9775091295004812,
    "receivedKBytesPerSec" : 1389.9456303433947,
    "sentKBytesPerSec" : 0.342369142453166
  },
  "Total" : {
    "transaction" : "Total",
    "sampleCount" : 1950,
    "errorCount" : 12,
    "errorPct" : 0.61538464,
    "meanResTime" : 8058.821538461533,
    "medianResTime" : 1044.5,
    "minResTime" : 4.0,
    "maxResTime" : 75364.0,
    "pct1ResTime" : 32307.100000000002,
    "pct2ResTime" : 52025.349999999955,
    "pct3ResTime" : 63694.57,
    "throughput" : 19.131151400988934,
    "receivedKBytesPerSec" : 16585.84234245006,
    "sentKBytesPerSec" : 4.989840791416491
  },
  "6. Aggiungi Recensione" : {
    "transaction" : "6. Aggiungi Recensione",
    "sampleCount" : 150,
    "errorCount" : 0,
    "errorPct" : 0.0,
    "meanResTime" : 5890.946666666667,
    "medianResTime" : 4736.0,
    "minResTime" : 441.0,
    "maxResTime" : 20169.0,
    "pct1ResTime" : 14152.6,
    "pct2ResTime" : 14973.2,
    "pct3ResTime" : 19052.61000000002,
    "throughput" : 5.6114623470876515,
    "receivedKBytesPerSec" : 4174.276274795649,
    "sentKBytesPerSec" : 3.086742686394074
  },
  "7. Logout" : {
    "transaction" : "7. Logout",
    "sampleCount" : 150,
    "errorCount" : 0,
    "errorPct" : 0.0,
    "meanResTime" : 164.87333333333333,
    "medianResTime" : 117.5,
    "minResTime" : 9.0,
    "maxResTime" : 570.0,
    "pct1ResTime" : 393.30000000000007,
    "pct2ResTime" : 459.45,
    "pct3ResTime" : 559.8000000000002,
    "throughput" : 8.976123511459518,
    "receivedKBytesPerSec" : 26.945902025611876,
    "sentKBytesPerSec" : 3.015416492130932
  },
  "3. Visualizza Catalogo" : {
    "transaction" : "3. Visualizza Catalogo",
    "sampleCount" : 150,
    "errorCount" : 4,
    "errorPct" : 2.6666667,
    "meanResTime" : 41433.500000000015,
    "medianResTime" : 44496.0,
    "minResTime" : 17836.0,
    "maxResTime" : 71865.0,
    "pct1ResTime" : 55858.1,
    "pct2ResTime" : 56657.549999999996,
    "pct3ResTime" : 69413.94000000005,
    "throughput" : 1.8242626938279112,
    "receivedKBytesPerSec" : 11680.10708041958,
    "sentKBytesPerSec" : 0.30691794618425056
  },
  "6. Aggiungi Recensione-1" : {
    "transaction" : "6. Aggiungi Recensione-1",
    "sampleCount" : 150,
    "errorCount" : 0,
    "errorPct" : 0.0,
    "meanResTime" : 2560.2200000000007,
    "medianResTime" : 2118.5,
    "minResTime" : 115.0,
    "maxResTime" : 18526.0,
    "pct1ResTime" : 4474.800000000002,
    "pct2ResTime" : 8824.099999999995,
    "pct3ResTime" : 14969.770000000062,
    "throughput" : 5.9789540816326525,
    "receivedKBytesPerSec" : 4446.788320736009,
    "sentKBytesPerSec" : 1.0634831019810267
  },
  "1. Home Page" : {
    "transaction" : "1. Home Page",
    "sampleCount" : 150,
    "errorCount" : 0,
    "errorPct" : 0.0,
    "meanResTime" : 682.7533333333334,
    "medianResTime" : 243.0,
    "minResTime" : 9.0,
    "maxResTime" : 3772.0,
    "pct1ResTime" : 2339.500000000001,
    "pct2ResTime" : 3611.8,
    "pct3ResTime" : 3754.1500000000005,
    "throughput" : 18.707907208780245,
    "receivedKBytesPerSec" : 53.7121554627089,
    "sentKBytesPerSec" : 2.1192551134946367
  }
}