{
  "2. Login-1" : {
    "transaction" : "2. Login-1",
    "sampleCount" : 500,
    "errorCount" : 0,
    "errorPct" : 0.0,
    "meanResTime" : 128.15799999999996,
    "medianResTime" : 116.5,
    "minResTime" : 10.0,
    "maxResTime" : 515.0,
    "pct1ResTime" : 197.90000000000003,
    "pct2ResTime" : 214.0,
    "pct3ResTime" : 342.93000000000006,
    "throughput" : 14.832833961256638,
    "receivedKBytesPerSec" : 42.248488441514134,
    "sentKBytesPerSec" : 2.7087304206591707
  },
  "2. Login-0" : {
    "transaction" : "2. Login-0",
    "sampleCount" : 500,
    "errorCount" : 0,
    "errorPct" : 0.0,
    "meanResTime" : 131.34799999999996,
    "medianResTime" : 120.0,
    "minResTime" : 12.0,
    "maxResTime" : 509.0,
    "pct1ResTime" : 183.0,
    "pct2ResTime" : 235.64999999999992,
    "pct3ResTime" : 393.94000000000005,
    "throughput" : 14.929384013615598,
    "receivedKBytesPerSec" : 2.2160804395210656,
    "sentKBytesPerSec" : 4.573115258576931
  },
  "6. Aggiungi Recensione-0" : {
    "transaction" : "6. Aggiungi Recensione-0",
    "sampleCount" : 500,
    "errorCount" : 0,
    "errorPct" : 0.0,
    "meanResTime" : 137.15199999999993,
    "medianResTime" : 122.0,
    "minResTime" : 13.0,
    "maxResTime" : 576.0,
    "pct1ResTime" : 211.0,
    "pct2ResTime" : 279.69999999999993,
    "pct3ResTime" : 489.98,
    "throughput" : 15.176809834572774,
    "receivedKBytesPerSec" : 2.181251422825922,
    "sentKBytesPerSec" : 5.649389607679466
  },
  "5. Ricerca Film" : {
    "transaction" : "5. Ricerca Film",
    "sampleCount" : 500,
    "errorCount" : 0,
    "errorPct" : 0.0,
    "meanResTime" : 1964.2499999999995,
    "medianResTime" : 1926.5,
    "minResTime" : 813.0,
    "maxResTime" : 3206.0,
    "pct1ResTime" : 2752.8,
    "pct2ResTime" : 2870.5499999999997,
    "pct3ResTime" : 3091.86,
    "throughput" : 14.130281192595733,
    "receivedKBytesPerSec" : 8323.07601870496,
    "sentKBytesPerSec" : 2.6494277236117
  },
  "2. Login" : {
    "transaction" : "2. Login",
    "sampleCount" : 500,
    "errorCount" : 0,
    "errorPct" : 0.0,
    "meanResTime" : 259.8980000000001,
    "medianResTime" : 242.0,
    "minResTime" : 80.0,
    "maxResTime" : 761.0,
    "pct1ResTime" : 360.0,
    "pct2ResTime" : 439.0,
    "pct3ResTime" : 692.9200000000001,
    "throughput" : 14.812620352540366,
    "receivedKBytesPerSec" : 44.38966217967708,
    "sentKBytesPerSec" : 7.242387701821952
  },
  "7. Logout-1" : {
    "transaction" : "7. Logout-1",
    "sampleCount" : 500,
    "errorCount" : 0,
    "errorPct" : 0.0,
    "meanResTime" : 119.45199999999993,
    "medianResTime" : 114.0,
    "minResTime" : 2.0,
    "maxResTime" : 496.0,
    "pct1ResTime" : 185.90000000000003,
    "pct2ResTime" : 215.89999999999998,
    "pct3ResTime" : 358.9200000000001,
    "throughput" : 15.493786991416442,
    "receivedKBytesPerSec" : 44.84725062749837,
    "sentKBytesPerSec" : 2.557080079638065
  },
  "7. Logout-0" : {
    "transaction" : "7. Logout-0",
    "sampleCount" : 500,
    "errorCount" : 0,
    "errorPct" : 0.0,
    "meanResTime" : 118.57599999999991,
    "medianResTime" : 111.5,
    "minResTime" : 3.0,
    "maxResTime" : 474.0,
    "pct1ResTime" : 188.90000000000003,
    "pct2ResTime" : 217.95,
    "pct3ResTime" : 326.83000000000015,
    "throughput" : 15.416872224962999,
    "receivedKBytesPerSec" : 2.017442263813517,
    "sentKBytesPerSec" : 2.634719374383325
  },
  "4. Dettagli Film" : {
    "transaction" : "4. Dettagli Film",
    "sampleCount" : 500,
    "errorCount" : 0,
    "errorPct" : 0.0,
    "meanResTime" : 906.0199999999998,
    "medianResTime" : 794.0,
    "minResTime" : 230.0,
    "maxResTime" : 2594.0,
    "pct1ResTime" : 1517.8000000000004,
    "pct2ResTime" : 1867.85,
    "pct3ResTime" : 2327.3000000000006,
    "throughput" : 14.185201997276442,
    "receivedKBytesPerSec" : 2342.5775875138306,
    "sentKBytesPerSec" : 2.52358068188266
  },
  "Total" : {
    "transaction" : "Total",
    "sampleCount" : 6500,
    "errorCount" : 0,
    "errorPct" : 0.0,
    "meanResTime" : 1733.274307692309,
    "medianResTime" : 287.0,
    "minResTime" : 2.0,
    "maxResTime" : 29697.0,
    "pct1ResTime" : 2560.5000000000027,
    "pct2ResTime" : 9573.299999999994,
    "pct3ResTime" : 26501.479999999967,
    "throughput" : 171.53563982793656,
    "receivedKBytesPerSec" : 22700.359529010966,
    "sentKBytesPerSec" : 44.88373306085557
  },
  "6. Aggiungi Recensione" : {
    "transaction" : "6. Aggiungi Recensione",
    "sampleCount" : 500,
    "errorCount" : 0,
    "errorPct" : 0.0,
    "meanResTime" : 904.3500000000005,
    "medianResTime" : 838.5,
    "minResTime" : 161.0,
    "maxResTime" : 2605.0,
    "pct1ResTime" : 1462.6000000000004,
    "pct2ResTime" : 1723.3499999999997,
    "pct3ResTime" : 2178.91,
    "throughput" : 15.116700931188777,
    "receivedKBytesPerSec" : 2498.580122530309,
    "sentKBytesPerSec" : 8.316311298222276
  },
  "7. Logout" : {
    "transaction" : "7. Logout",
    "sampleCount" : 500,
    "errorCount" : 0,
    "errorPct" : 0.0,
    "meanResTime" : 238.34800000000013,
    "medianResTime" : 230.0,
    "minResTime" : 6.0,
    "maxResTime" : 703.0,
    "pct1ResTime" : 354.90000000000003,
    "pct2ResTime" : 405.9,
    "pct3ResTime" : 598.8600000000001,
    "throughput" : 15.415446277169725,
    "receivedKBytesPerSec" : 46.63774664714043,
    "sentKBytesPerSec" : 5.1786264837367035
  },
  "3. Visualizza Catalogo" : {
    "transaction" : "3. Visualizza Catalogo",
    "sampleCount" : 500,
    "errorCount" : 0,
    "errorPct" : 0.0,
    "meanResTime" : 2236.2639999999965,
    "medianResTime" : 2240.5,
    "minResTime" : 862.0,
    "maxResTime" : 3527.0,
    "pct1ResTime" : 3063.2000000000003,
    "pct2ResTime" : 3167.0,
    "pct3ResTime" : 3376.7200000000003,
    "throughput" : 14.056789429294348,
    "receivedKBytesPerSec" : 8724.937568087575,
    "sentKBytesPerSec" : 2.4297380165870117
  },
  "6. Aggiungi Recensione-1" : {
    "transaction" : "6. Aggiungi Recensione-1",
    "sampleCount" : 500,
    "errorCount" : 0,
    "errorPct" : 0.0,
    "meanResTime" : 766.8960000000001,
    "medianResTime" : 694.0,
    "minResTime" : 126.0,
    "maxResTime" : 2292.0,
    "pct1ResTime" : 1306.2000000000007,
    "pct2ResTime" : 1505.1499999999999,
    "pct3ResTime" : 2048.090000000001,
    "throughput" : 15.16024377671993,
    "receivedKBytesPerSec" : 2503.598277938434,
    "sentKBytesPerSec" : 2.6970428996998272
  },
  "1. Home Page" : {
    "transaction" : "1. Home Page",
    "sampleCount" : 500,
    "errorCount" : 0,
    "errorPct" : 0.0,
    "meanResTime" : 14621.85399999999,
    "medianResTime" : 15848.0,
    "minResTime" : 111.0,
    "maxResTime" : 29697.0,
    "pct1ResTime" : 28181.000000000007,
    "pct2ResTime" : 29495.5,
    "pct3ResTime" : 29662.97,
    "throughput" : 14.876967478949092,
    "receivedKBytesPerSec" : 43.06184727305186,
    "sentKBytesPerSec" : 1.6852814722247016
  }
}